Customer ID,Age,Gender,Tenure,Usage Frequency,Support Calls,Payment Delay,Subscription Type,Contract,Total Spend,Last Interaction,Churn
1,25,Female,24,22,3,0,Standard,Annual,3665,23,0
2,64,Male,32,10,1,26,Basic,Annual,1854,20,1
3,59,Male,13,29,9,1,Basic,Annual,4942,17,1
4,45,Male,60,29,3,3,Premium,Quarterly,3299,20,0
5,43,Male,4,25,2,2,Standard,Quarterly,788,12,0
6,57,Male,48,10,3,7,Standard,Monthly,3043,25,0
7,29,Female,49,21,8,1,Basic,Monthly,4984,14,0
8,57,Female,4,22,9,27,Standard,Annual,342,14,1
9,32,Male,1,22,1,30,Standard,Monthly,864,18,1
10,38,Male,15,15,1,1,Basic,Monthly,2361,20,1
11,41,Male,14,24,5,6,Basic,Quarterly,4333,14,0
12,27,Male,32,24,1,0,Premium,Monthly,1731,21,1
13,20,Male,25,29,8,16,Standard,Quarterly,1106,25,1
14,49,Male,49,7,8,15,Basic,Monthly,1154,13,1
15,19,Female,8,3,8,25,Standard,Monthly,185,21,0
16,49,Male,38,22,3,1,Premium,Monthly,2389,27,1
17,18,Female,30,13,9,29,Standard,Monthly,3126,1,1
18,40,Female,40,24,8,27,Standard,Quarterly,4324,6,1
19,60,Male,6,24,7,17,Basic,Annual,822,2,0
20,58,Male,27,24,1,11,Basic,Quarterly,3058,19,0
21,50,Male,31,29,2,4,Basic,Quarterly,1793,8,0
22,45,Male,42,22,2,19,Standard,Quarterly,1275,16,1
23,48,Female,23,24,4,23,Standard,Annual,3727,24,1
24,34,Male,56,6,4,16,Standard,Monthly,4236,14,1
25,40,Female,59,27,3,16,Basic,Quarterly,4841,20,1
26,23,Female,42,26,1,21,Basic,Monthly,2037,14,1
27,51,Female,31,1,8,2,Standard,Annual,1751,17,0
28,52,Male,14,17,10,3,Basic,Quarterly,3062,3,1
29,53,Male,33,19,1,22,Standard,Annual,4067,5,0
30,65,Male,48,14,4,4,Basic,Monthly,1206,12,1
31,49,Female,37,25,6,6,Premium,Quarterly,1435,20,1
32,42,Male,48,27,4,29,Standard,Annual,4300,4,1
33,63,Male,33,18,7,17,Premium,Quarterly,4490,1,1
34,24,Female,11,18,3,3,Standard,Monthly,413,24,1
35,28,Female,40,9,6,2,Standard,Monthly,2348,17,1
36,31,Male,49,1,7,23,Premium,Quarterly,4650,7,1
37,43,Female,38,10,6,13,Standard,Annual,4361,26,1
38,37,Male,41,15,5,24,Premium,Annual,1126,21,1
39,18,Male,43,19,9,19,Premium,Annual,3146,18,0
40,56,Female,24,14,1,20,Standard,Annual,2236,9,1
41,22,Female,43,24,2,7,Premium,Monthly,1884,29,1
42,45,Male,35,7,0,21,Standard,Monthly,3102,13,0
43,22,Male,52,5,5,10,Standard,Annual,4926,11,1
44,28,Male,41,7,9,12,Premium,Monthly,4306,12,1
45,34,Male,43,30,10,5,Premium,Monthly,1416,21,1
46,42,Male,41,14,5,28,Premium,Quarterly,1337,4,1
47,36,Female,60,6,6,2,Standard,Quarterly,4712,28,0
48,48,Female,53,2,0,5,Basic,Monthly,1904,27,1
49,48,Male,18,13,9,30,Premium,Quarterly,2379,17,0
50,60,Male,6,4,9,26,Premium,Quarterly,627,7,1
51,54,Male,29,24,3,3,Premium,Annual,4929,8,0
52,27,Female,17,25,4,15,Premium,Quarterly,4469,23,0
53,37,Male,2,28,0,27,Standard,Annual,632,9,1
54,41,Male,31,26,5,27,Basic,Monthly,4044,3,1
55,42,Male,18,15,0,22,Standard,Monthly,4235,9,1
56,34,Male,23,3,7,8,Premium,Quarterly,1188,6,1
57,29,Male,34,25,1,4,Premium,Monthly,2539,4,1
58,27,Female,41,25,2,9,Premium,Monthly,3252,17,1
59,39,Male,50,12,2,28,Premium,Monthly,3424,25,0
60,60,Female,4,30,3,1,Basic,Monthly,552,23,1
61,33,Female,3,30,5,17,Premium,Quarterly,555,9,1
62,57,Male,14,2,8,5,Standard,Monthly,2258,21,1
63,18,Male,48,7,4,23,Premium,Quarterly,2937,22,1
64,63,Male,37,29,9,4,Standard,Monthly,3733,6,1
65,18,Male,59,24,6,6,Basic,Quarterly,1805,5,1
66,36,Male,2,28,6,26,Basic,Quarterly,570,20,1
67,41,Female,26,25,1,19,Premium,Monthly,2236,9,1
68,31,Male,32,26,6,0,Standard,Quarterly,3718,12,0
69,42,Female,56,1,2,24,Premium,Annual,2850,24,1
70,30,Female,32,7,1,11,Premium,Annual,4088,14,0
71,26,Female,33,30,7,23,Premium,Quarterly,2647,25,1
72,55,Male,31,29,7,22,Premium,Monthly,3613,2,1
73,38,Male,8,3,1,6,Standard,Monthly,192,16,0
74,54,Male,5,20,9,17,Standard,Annual,769,29,0
75,53,Female,17,5,4,28,Premium,Annual,2076,4,0
76,49,Male,27,13,5,21,Standard,Annual,1341,5,1
77,37,Male,23,5,8,6,Basic,Quarterly,2996,23,1
78,47,Male,21,20,8,21,Basic,Monthly,3794,11,0
79,54,Male,18,15,6,1,Standard,Monthly,3210,10,1
80,51,Male,43,1,6,20,Premium,Annual,1523,27,1
81,25,Male,28,20,8,18,Standard,Monthly,1254,13,1
82,43,Female,46,25,5,20,Basic,Annual,3765,9,1
83,65,Male,35,26,9,28,Standard,Annual,4282,2,1
84,64,Female,8,1,10,25,Standard,Monthly,534,14,1
85,23,Female,34,1,6,2,Standard,Quarterly,1879,15,1
86,38,Male,21,17,8,2,Premium,Monthly,3007,28,1
87,42,Female,23,16,6,22,Basic,Quarterly,4679,30,1
88,21,Female,3,21,10,0,Premium,Monthly,442,15,0
89,37,Female,46,7,7,26,Basic,Monthly,4323,18,1
90,18,Male,20,25,4,30,Premium,Quarterly,4836,10,1
91,51,Male,17,17,4,1,Premium,Annual,2157,30,0
92,24,Female,9,26,10,19,Standard,Monthly,692,7,1
93,56,Male,49,1,6,13,Premium,Annual,3315,19,1
94,25,Female,33,12,10,5,Standard,Monthly,1071,19,1
95,23,Female,59,21,4,2,Basic,Monthly,3427,4,1
96,47,Female,57,12,0,24,Basic,Annual,2576,13,0
97,53,Male,34,3,0,29,Basic,Annual,4235,17,1
98,20,Male,22,24,3,27,Basic,Quarterly,4271,14,1
99,63,Male,2,21,4,12,Basic,Monthly,495,9,1
100,30,Female,14,7,1,8,Standard,Quarterly,3812,23,1
101,22,Female,59,1,9,12,Standard,Monthly,1812,29,1
102,64,Female,47,13,2,22,Standard,Quarterly,1744,8,1
103,25,Female,45,11,8,10,Basic,Quarterly,4391,21,1
104,40,Female,14,21,1,4,Standard,Annual,3163,18,0
105,58,Female,57,23,1,10,Standard,Monthly,2299,17,0
106,34,Female,13,19,4,29,Standard,Monthly,2726,9,1
107,63,Male,41,22,3,22,Premium,Annual,2405,16,1
108,57,Female,40,19,10,24,Basic,Annual,4068,19,0
109,37,Female,11,30,7,29,Premium,Monthly,924,15,1
110,18,Male,20,25,9,28,Premium,Annual,4570,29,1
111,59,Male,60,15,3,8,Basic,Monthly,2467,8,1
112,43,Female,26,5,8,21,Basic,Monthly,1239,2,1
113,47,Male,31,8,9,26,Premium,Quarterly,3064,23,1
114,62,Male,35,18,10,15,Basic,Annual,2167,27,1
115,33,Female,18,10,1,2,Premium,Monthly,2180,17,0
116,30,Female,48,7,4,30,Basic,Annual,3380,20,1
117,51,Male,46,13,10,28,Basic,Annual,1516,27,0
118,35,Male,19,28,0,30,Basic,Annual,2771,12,1
119,62,Male,25,23,6,4,Basic,Monthly,1463,21,1
120,20,Female,49,14,6,13,Basic,Monthly,2944,6,1
121,62,Male,27,2,9,1,Basic,Monthly,2867,28,1
122,42,Female,37,17,10,16,Premium,Monthly,1163,14,1
123,43,Female,56,22,4,3,Premium,Annual,3425,30,0
124,44,Male,51,2,5,26,Basic,Quarterly,3110,29,0
125,59,Female,14,28,1,11,Premium,Quarterly,1096,26,0
126,57,Male,6,14,0,30,Standard,Annual,962,12,1
127,31,Male,22,9,8,17,Premium,Monthly,3916,17,1
128,58,Male,8,17,1,2,Basic,Monthly,686,16,1
129,46,Male,15,3,9,16,Basic,Monthly,1571,24,1
130,59,Male,30,14,3,12,Premium,Monthly,3857,15,1
131,50,Female,25,23,2,14,Premium,Quarterly,4626,20,0
132,23,Male,21,23,3,17,Basic,Monthly,3627,18,1
133,24,Male,16,2,3,16,Basic,Monthly,4846,6,1
134,41,Male,41,3,2,8,Premium,Annual,4869,13,0
135,36,Female,39,24,8,7,Premium,Monthly,3495,6,1
136,54,Male,54,14,9,8,Premium,Annual,3092,20,0
137,43,Male,50,4,5,0,Standard,Annual,1581,23,0
138,55,Female,11,8,2,3,Premium,Annual,858,16,0
139,24,Female,60,2,6,6,Standard,Quarterly,4810,18,1
140,21,Male,28,22,9,22,Standard,Annual,1240,18,0
141,53,Male,45,22,5,28,Premium,Annual,1322,29,1
142,32,Male,27,6,9,5,Basic,Quarterly,2403,11,1
143,26,Female,56,9,10,8,Standard,Monthly,3979,27,1
144,41,Female,60,7,5,21,Basic,Monthly,3354,10,0
145,49,Male,36,7,3,12,Standard,Annual,2241,20,0
146,18,Female,39,6,6,17,Standard,Monthly,3428,21,1
147,37,Female,52,17,1,29,Premium,Annual,1932,11,1
148,56,Female,21,14,2,22,Standard,Quarterly,2221,8,1
149,27,Male,34,28,0,22,Standard,Monthly,4402,8,1
150,21,Female,52,24,5,13,Standard,Monthly,3587,5,0
151,37,Female,14,19,1,20,Standard,Quarterly,2382,10,1
152,20,Female,7,5,3,21,Basic,Annual,616,18,1
153,55,Female,36,22,0,16,Basic,Annual,2737,17,1
154,53,Female,13,13,7,24,Standard,Monthly,2104,15,1
155,24,Male,34,15,9,3,Premium,Annual,3064,13,1
156,45,Female,6,14,3,2,Basic,Quarterly,782,14,0
157,21,Female,57,8,2,12,Standard,Quarterly,3144,14,0
158,62,Female,54,17,10,12,Basic,Annual,3131,25,1
159,51,Male,39,24,10,2,Basic,Monthly,4842,9,1
160,23,Female,33,3,8,19,Basic,Monthly,1760,19,1
161,43,Male,53,28,1,12,Basic,Quarterly,3986,9,0
162,59,Male,39,24,5,29,Standard,Quarterly,4130,4,1
163,52,Male,58,23,6,10,Standard,Quarterly,2757,28,0
164,56,Female,49,20,1,20,Standard,Monthly,3292,9,1
165,55,Male,13,30,4,16,Basic,Monthly,2684,2,1
166,65,Female,21,21,3,21,Standard,Quarterly,2320,10,1
167,60,Female,13,24,7,19,Standard,Annual,3214,10,1
168,35,Female,17,23,4,12,Premium,Quarterly,4706,11,0
169,45,Male,58,28,4,23,Premium,Quarterly,2048,12,0
170,20,Female,22,22,0,4,Basic,Annual,2497,28,0
171,52,Male,54,12,0,8,Basic,Annual,3940,21,0
172,43,Female,24,3,5,2,Premium,Annual,4877,28,0
173,63,Male,4,25,8,2,Premium,Quarterly,140,3,1
174,46,Female,45,17,6,13,Basic,Quarterly,2979,19,1
175,61,Male,59,26,7,21,Standard,Quarterly,1769,12,1
176,41,Female,9,14,9,6,Standard,Quarterly,702,1,1
177,33,Male,6,14,0,22,Premium,Quarterly,347,18,1
178,58,Female,49,24,3,25,Standard,Annual,1423,17,1
179,52,Female,39,22,6,14,Basic,Quarterly,2407,16,0
180,46,Male,24,15,6,13,Standard,Annual,4901,9,0
181,56,Female,32,19,4,11,Standard,Monthly,4078,23,0
182,19,Female,60,27,2,19,Premium,Quarterly,2665,5,0
183,57,Male,8,11,3,29,Standard,Quarterly,880,7,1
184,28,Female,59,20,7,25,Basic,Annual,3970,5,1
185,29,Male,59,14,7,4,Basic,Quarterly,4204,2,0
186,48,Male,55,6,4,19,Standard,Monthly,1130,23,1
187,24,Female,16,20,6,30,Basic,Quarterly,2899,21,1
188,34,Female,28,9,1,15,Basic,Annual,4814,28,0
189,52,Female,19,16,0,17,Basic,Annual,4317,20,1
190,55,Male,59,4,10,10,Standard,Annual,2186,18,1
191,25,Female,47,2,0,7,Standard,Monthly,1974,4,1
192,30,Male,12,7,8,8,Basic,Quarterly,3231,23,1
193,54,Female,18,26,3,5,Premium,Monthly,4513,22,1
194,52,Male,38,29,6,3,Premium,Quarterly,2935,20,1
195,63,Male,21,3,1,2,Basic,Monthly,4935,24,1
196,47,Female,1,22,1,14,Basic,Monthly,294,29,0
197,45,Female,16,22,7,30,Basic,Quarterly,1362,8,1
198,23,Female,57,13,9,2,Basic,Annual,3552,2,1
199,41,Male,7,26,8,12,Standard,Monthly,513,14,1
200,42,Male,13,15,2,28,Standard,Quarterly,4925,22,1
201,48,Female,19,24,6,12,Standard,Annual,2746,30,1
202,31,Male,10,20,6,13,Basic,Monthly,810,25,1
203,40,Male,45,5,5,5,Premium,Quarterly,2394,24,0
204,64,Male,56,2,3,27,Basic,Monthly,3762,22,1
205,43,Male,29,11,8,9,Premium,Quarterly,1441,10,0
206,54,Female,59,20,10,21,Basic,Monthly,2031,23,1
207,45,Male,33,5,5,16,Standard,Monthly,2747,24,1
208,20,Female,51,17,0,19,Standard,Annual,4687,26,1
209,25,Female,25,4,2,15,Premium,Monthly,2398,13,0
210,58,Male,42,22,6,7,Standard,Annual,1872,14,1
211,52,Male,49,18,10,14,Standard,Monthly,2895,18,0
212,20,Male,34,18,2,4,Basic,Quarterly,2962,17,0
213,34,Male,43,20,8,2,Basic,Annual,3029,18,1
214,26,Male,15,2,4,19,Basic,Monthly,3290,27,1
215,61,Male,1,26,0,20,Standard,Monthly,754,18,0
216,31,Male,20,4,3,9,Premium,Monthly,1195,22,1
217,60,Female,58,28,0,15,Standard,Annual,3062,2,0
218,37,Female,50,14,9,8,Standard,Quarterly,2595,26,0
219,51,Female,49,15,7,18,Basic,Annual,2183,9,0
220,49,Female,19,29,10,19,Premium,Quarterly,3752,28,1
221,37,Female,54,30,10,10,Premium,Quarterly,4924,30,1
222,60,Female,21,4,10,28,Standard,Quarterly,3180,28,0
223,45,Female,1,8,3,3,Premium,Monthly,591,19,1
224,55,Male,24,19,10,30,Basic,Quarterly,4201,18,0
225,19,Male,60,27,4,5,Basic,Annual,1696,19,0
226,30,Female,29,25,10,28,Basic,Annual,1364,14,1
227,43,Female,35,28,6,7,Standard,Monthly,2810,7,0
228,44,Female,58,8,10,25,Basic,Monthly,1062,23,0
229,30,Male,4,18,7,16,Basic,Monthly,328,26,0
230,58,Male,32,29,0,27,Basic,Annual,4832,10,1
231,41,Male,48,8,6,10,Standard,Annual,3879,12,1
232,65,Female,26,18,7,19,Premium,Monthly,1749,17,1
233,61,Male,15,12,6,27,Basic,Quarterly,1906,17,1
234,63,Female,54,24,8,20,Basic,Monthly,2987,18,1
235,26,Female,42,25,0,23,Standard,Quarterly,2760,1,1
236,53,Female,34,24,10,30,Basic,Annual,3738,26,1
237,43,Male,43,4,9,17,Basic,Monthly,3255,24,0
238,46,Male,34,4,9,16,Standard,Monthly,1805,9,1
239,26,Female,16,13,0,23,Basic,Quarterly,2932,14,1
240,34,Female,31,18,9,29,Basic,Annual,4508,5,0
241,58,Female,2,18,3,30,Standard,Monthly,645,16,1
242,62,Male,47,21,6,24,Premium,Monthly,3465,1,1
243,55,Female,3,20,2,4,Premium,Quarterly,725,26,0
244,52,Female,11,19,6,4,Premium,Quarterly,789,29,1
245,27,Female,42,13,10,26,Premium,Quarterly,3031,14,1
246,38,Female,24,22,9,16,Basic,Monthly,4774,19,0
247,62,Male,56,5,9,2,Standard,Monthly,3746,15,1
248,39,Female,21,5,7,0,Basic,Quarterly,2777,9,1
249,28,Female,6,22,6,3,Standard,Quarterly,880,2,1
250,36,Male,35,13,5,23,Basic,Annual,2118,2,0
251,29,Female,25,23,0,9,Basic,Monthly,1322,5,1
252,49,Female,8,15,8,6,Basic,Quarterly,660,27,0
253,31,Female,39,29,7,9,Standard,Annual,1110,27,1
254,44,Female,25,11,0,27,Standard,Quarterly,1164,12,1
255,45,Female,31,17,5,6,Premium,Annual,1020,15,0
256,34,Male,49,23,0,24,Basic,Quarterly,4359,12,0
257,55,Male,2,30,6,3,Premium,Quarterly,706,23,0
258,46,Female,37,22,0,17,Premium,Annual,1617,14,1
259,53,Male,48,9,10,0,Premium,Quarterly,1723,19,1
260,46,Male,43,10,8,30,Basic,Quarterly,3856,4,1
261,38,Female,44,10,0,13,Premium,Quarterly,2926,1,0
262,59,Female,40,8,6,27,Basic,Monthly,1240,15,1
263,44,Female,50,26,10,2,Standard,Monthly,2413,10,0
264,62,Male,55,25,3,5,Basic,Monthly,4109,25,1
265,37,Male,55,11,0,23,Basic,Monthly,1856,21,1
266,59,Female,9,27,10,30,Basic,Annual,599,13,0
267,31,Female,7,24,6,11,Premium,Quarterly,813,4,1
268,21,Female,4,6,2,22,Basic,Quarterly,240,2,0
269,27,Female,40,18,3,17,Standard,Quarterly,2975,16,1
270,56,Male,52,13,7,8,Premium,Annual,2669,22,1
271,20,Male,29,5,9,19,Basic,Quarterly,2262,3,1
272,48,Female,34,26,9,9,Premium,Annual,4672,2,1
273,61,Female,13,4,5,29,Premium,Quarterly,2123,21,1
274,62,Female,39,27,4,15,Premium,Quarterly,2830,11,1
275,33,Male,27,27,4,9,Basic,Quarterly,4007,22,0
276,63,Male,59,3,7,20,Basic,Annual,1909,7,1
277,52,Female,55,17,5,9,Standard,Annual,4545,21,0
278,33,Male,57,28,2,19,Basic,Quarterly,1590,15,1
279,40,Male,31,7,7,23,Premium,Quarterly,1881,15,1
280,34,Female,1,26,0,20,Standard,Monthly,587,18,1
281,47,Female,15,6,5,22,Standard,Monthly,2380,16,1
282,51,Female,46,20,8,18,Premium,Monthly,3762,18,1
283,25,Female,12,3,8,7,Premium,Monthly,3567,7,1
284,61,Female,22,11,10,17,Standard,Quarterly,1714,15,1
285,40,Female,33,16,1,13,Basic,Annual,2173,23,1
286,25,Female,12,1,0,12,Basic,Monthly,2741,24,1
287,45,Male,53,13,2,11,Premium,Monthly,2552,13,1
288,46,Male,58,6,10,10,Premium,Annual,1147,17,0
289,64,Female,36,25,3,24,Basic,Monthly,1182,30,1
290,24,Female,44,16,2,10,Standard,Annual,3477,20,0
291,56,Male,14,23,0,3,Standard,Quarterly,4494,8,1
292,42,Male,54,21,5,2,Standard,Annual,4713,8,0
293,25,Female,27,16,3,16,Basic,Quarterly,1977,2,1
294,33,Female,35,21,0,10,Standard,Monthly,2776,27,1
295,45,Female,33,18,1,23,Premium,Monthly,4958,11,1
296,24,Male,45,13,9,0,Basic,Monthly,1204,5,0
297,18,Male,30,1,6,15,Premium,Monthly,4617,21,1
298,60,Male,45,6,1,16,Basic,Monthly,2917,26,1
299,46,Male,15,25,3,4,Standard,Monthly,1524,11,0
300,33,Male,11,6,7,1,Standard,Monthly,327,6,1
301,65,Male,26,9,1,9,Standard,Monthly,4952,16,1
302,23,Male,12,29,9,12,Premium,Quarterly,3962,21,0
303,49,Female,52,13,8,26,Premium,Annual,3582,25,1
304,43,Female,38,18,2,15,Premium,Annual,3293,22,1
305,21,Male,27,7,3,30,Premium,Monthly,2091,15,1
306,47,Male,25,17,5,8,Premium,Monthly,2581,24,1
307,38,Male,42,17,10,29,Basic,Monthly,4058,10,1
308,65,Male,55,28,8,20,Basic,Monthly,4236,19,1
309,59,Male,54,18,0,5,Premium,Quarterly,4616,8,0
310,24,Female,41,24,1,14,Standard,Quarterly,1599,6,0
311,18,Male,51,28,0,3,Premium,Monthly,3882,5,1
312,47,Female,5,21,3,16,Standard,Quarterly,649,26,1
313,49,Male,45,15,0,11,Premium,Quarterly,3559,18,0
314,39,Female,33,2,3,15,Standard,Quarterly,4559,19,0
315,23,Female,18,23,7,25,Standard,Annual,4023,11,1
316,42,Female,4,6,1,17,Premium,Annual,285,21,1
317,65,Female,10,20,4,20,Basic,Monthly,756,22,1
318,25,Male,38,5,4,20,Basic,Quarterly,4714,2,1
319,22,Female,17,10,0,12,Basic,Annual,3337,25,1
320,52,Female,56,22,9,3,Premium,Monthly,2478,6,1
321,46,Female,27,24,5,20,Standard,Monthly,4647,22,1
322,22,Male,15,27,6,11,Basic,Quarterly,3884,26,1
323,26,Male,52,26,7,12,Standard,Annual,1386,26,0
324,61,Female,25,18,0,11,Premium,Quarterly,3356,15,0
325,46,Female,12,6,10,4,Basic,Annual,4262,25,1
326,23,Female,24,19,7,2,Premium,Annual,3451,10,1
327,21,Female,46,30,5,24,Standard,Quarterly,3894,15,0
328,32,Female,23,7,5,23,Standard,Quarterly,2153,24,1
329,39,Female,41,20,1,14,Basic,Monthly,3386,11,1
330,21,Female,17,26,4,1,Standard,Quarterly,1946,9,0
331,53,Female,2,12,4,12,Standard,Monthly,776,29,0
332,26,Male,21,16,7,23,Premium,Monthly,2810,2,1
333,31,Male,46,20,7,8,Premium,Quarterly,2182,9,0
334,20,Female,25,7,9,22,Standard,Quarterly,2142,21,1
335,31,Female,13,30,6,9,Premium,Quarterly,4036,2,1
336,58,Male,43,6,4,13,Standard,Quarterly,2439,3,0
337,33,Male,12,8,3,25,Premium,Monthly,1070,14,1
338,55,Female,27,11,4,20,Basic,Quarterly,3255,24,1
339,47,Male,14,23,3,27,Basic,Annual,2787,7,1
340,30,Female,18,21,1,26,Standard,Monthly,3354,23,1
341,52,Male,31,10,7,4,Premium,Quarterly,1226,8,1
342,23,Female,41,5,2,26,Premium,Quarterly,2754,1,1
343,31,Male,22,25,3,28,Standard,Quarterly,2053,11,1
344,61,Female,59,5,8,8,Standard,Quarterly,3538,27,0
345,22,Female,1,8,0,23,Standard,Monthly,379,6,1
346,22,Male,34,26,0,26,Basic,Annual,3893,21,1
347,18,Female,31,11,4,23,Premium,Quarterly,2686,5,1
348,32,Female,40,7,1,24,Standard,Quarterly,3975,21,0
349,63,Male,24,16,3,10,Premium,Quarterly,1565,6,1
350,31,Male,31,10,4,18,Basic,Quarterly,3389,2,1
351,23,Female,9,12,5,22,Premium,Quarterly,299,8,1
352,57,Female,34,19,8,10,Basic,Annual,4836,2,1
353,21,Female,18,21,0,10,Basic,Quarterly,4557,27,0
354,37,Male,36,30,10,25,Standard,Monthly,2675,4,1
355,62,Female,45,29,7,6,Premium,Quarterly,1024,25,0
356,54,Male,14,23,0,20,Basic,Annual,2465,27,1
357,39,Female,33,18,4,30,Basic,Monthly,2811,19,1
358,56,Female,53,8,1,19,Premium,Monthly,3635,21,1
359,51,Male,59,16,4,14,Basic,Monthly,1005,21,1
360,33,Female,44,2,2,5,Premium,Annual,3024,10,0
361,40,Female,10,7,5,26,Basic,Quarterly,454,15,0
362,48,Female,60,14,3,18,Premium,Annual,1780,14,1
363,61,Female,52,11,5,21,Premium,Quarterly,2695,15,0
364,46,Female,21,23,7,8,Standard,Quarterly,4027,6,1
365,37,Female,54,6,3,8,Basic,Quarterly,2171,22,0
366,26,Female,47,17,10,27,Premium,Monthly,2022,3,1
367,52,Male,52,28,5,15,Basic,Annual,3816,28,0
368,37,Female,3,5,4,4,Premium,Monthly,810,29,1
369,62,Male,39,5,7,1,Standard,Annual,1586,13,1
370,55,Male,43,5,1,23,Basic,Quarterly,4986,29,0
371,47,Female,13,19,9,28,Basic,Monthly,2796,8,1
372,63,Male,13,11,2,20,Standard,Quarterly,3946,24,1
373,37,Male,9,14,3,8,Premium,Annual,345,3,0
374,46,Male,11,3,8,23,Basic,Annual,416,1,1
375,61,Male,56,3,0,24,Standard,Quarterly,1031,11,1
376,46,Male,46,6,9,10,Premium,Monthly,1608,21,1
377,37,Male,36,10,8,5,Basic,Annual,2019,29,1
378,45,Male,31,10,4,4,Basic,Monthly,3775,26,1
379,31,Male,51,7,1,11,Premium,Monthly,2055,16,1
380,54,Male,58,8,4,2,Premium,Quarterly,4642,16,0
381,57,Female,53,15,6,24,Basic,Annual,4469,2,1
382,27,Male,59,5,2,27,Basic,Quarterly,4310,11,0
383,40,Female,54,8,3,27,Basic,Annual,2031,30,1
384,55,Male,53,12,10,4,Basic,Annual,1111,1,0
385,63,Male,33,20,1,13,Standard,Monthly,2998,10,1
386,61,Male,35,30,2,11,Premium,Annual,2873,19,0
387,45,Female,22,12,4,26,Basic,Monthly,3269,23,1
388,39,Male,17,22,9,12,Premium,Quarterly,4146,26,1
389,63,Male,14,22,4,17,Standard,Monthly,4751,14,1
390,36,Female,58,7,9,14,Standard,Annual,2573,8,1
391,60,Male,38,28,8,8,Basic,Monthly,3601,26,1
392,46,Female,41,9,2,7,Basic,Quarterly,2866,11,0
393,54,Female,33,26,7,13,Basic,Annual,4472,12,0
394,28,Female,57,8,8,15,Basic,Annual,4660,18,0
395,57,Female,55,23,2,26,Premium,Monthly,4224,24,0
396,39,Female,9,24,3,9,Basic,Annual,893,6,0
397,34,Female,15,25,2,30,Standard,Annual,4056,28,1
398,29,Female,21,12,3,28,Basic,Monthly,2796,5,1
399,63,Female,21,21,7,11,Standard,Quarterly,2251,17,0
400,64,Male,3,26,0,1,Standard,Annual,483,5,0
401,43,Male,40,17,7,26,Standard,Monthly,4627,21,0
402,48,Female,22,13,0,0,Standard,Quarterly,2319,4,1
403,35,Female,39,20,1,8,Basic,Quarterly,4927,12,0
404,44,Female,51,5,1,16,Standard,Annual,1367,26,1
405,44,Female,28,21,0,26,Basic,Monthly,4141,16,1
406,25,Male,45,30,8,24,Premium,Annual,2914,23,0
407,49,Male,21,21,1,10,Standard,Quarterly,2578,23,0
408,38,Male,31,26,5,16,Standard,Quarterly,2602,17,1
409,21,Male,43,9,3,5,Premium,Monthly,1973,3,1
410,54,Male,43,30,7,21,Premium,Quarterly,2057,10,1
411,26,Female,30,28,3,29,Premium,Monthly,2949,14,1
412,25,Female,1,26,3,16,Premium,Quarterly,605,8,0
413,28,Male,6,29,10,21,Standard,Monthly,695,10,0
414,65,Male,14,21,3,19,Standard,Quarterly,1071,25,1
415,58,Male,23,16,10,9,Premium,Annual,4760,21,0
416,57,Male,44,19,5,6,Standard,Monthly,4334,9,0
417,65,Male,25,28,5,4,Standard,Monthly,2861,20,1
418,55,Female,42,24,4,8,Basic,Quarterly,4588,6,0
419,58,Female,4,27,9,3,Premium,Annual,153,29,1
420,20,Male,36,21,3,23,Standard,Quarterly,4261,25,1
421,39,Female,55,15,0,26,Standard,Monthly,2382,1,1
422,27,Male,37,19,0,18,Basic,Monthly,4229,8,0
423,55,Female,3,16,2,15,Premium,Annual,193,29,0
424,62,Male,10,5,6,13,Premium,Monthly,168,25,1
425,38,Female,58,16,8,24,Basic,Monthly,2870,22,1
426,60,Female,4,22,7,5,Premium,Quarterly,411,23,0
427,19,Female,8,3,5,26,Standard,Monthly,291,14,1
428,61,Male,16,19,5,27,Standard,Annual,1189,20,1
429,56,Female,16,26,4,27,Basic,Quarterly,4287,5,1
430,55,Female,54,22,10,20,Premium,Quarterly,4490,13,1
431,39,Male,11,2,3,7,Premium,Annual,866,22,0
432,42,Male,52,23,3,0,Standard,Monthly,2364,5,0
433,34,Female,28,15,1,15,Premium,Monthly,4861,23,1
434,37,Female,15,11,0,20,Basic,Annual,4055,9,0
435,63,Male,39,15,5,1,Basic,Monthly,3928,15,1
436,33,Female,28,20,8,19,Premium,Quarterly,4847,30,1
437,30,Male,41,14,5,18,Standard,Annual,3712,20,1
438,37,Female,38,10,8,19,Standard,Annual,3461,7,1
439,38,Male,25,14,5,17,Basic,Monthly,2662,26,1
440,42,Male,4,24,4,2,Premium,Annual,363,15,0
441,36,Male,59,5,2,26,Standard,Monthly,1532,19,1
442,38,Male,59,19,1,23,Premium,Monthly,3053,27,0
443,48,Male,53,13,7,3,Basic,Annual,3062,14,1
444,27,Male,18,26,6,8,Standard,Monthly,2865,20,0
445,63,Female,21,1,0,4,Basic,Monthly,3000,11,0
446,48,Male,29,28,7,11,Premium,Quarterly,3822,3,1
447,46,Male,6,4,2,20,Premium,Annual,394,11,0
448,52,Female,11,13,1,1,Premium,Annual,753,3,0
449,18,Male,47,19,9,24,Basic,Quarterly,2400,20,1
450,26,Female,27,23,7,3,Basic,Monthly,1134,26,0
451,37,Female,27,16,0,20,Basic,Monthly,1707,4,1
452,50,Female,25,17,4,20,Basic,Annual,2566,26,1
453,54,Female,28,15,0,20,Basic,Annual,1064,12,1
454,58,Male,50,16,6,22,Premium,Annual,3935,15,1
455,30,Female,9,1,7,15,Premium,Monthly,348,14,1
456,31,Female,21,16,3,12,Basic,Annual,3718,15,0
457,20,Female,51,10,6,28,Basic,Quarterly,1542,16,1
458,22,Female,39,14,4,23,Basic,Monthly,1825,19,1
459,25,Male,15,6,1,26,Premium,Monthly,4866,17,1
460,61,Male,13,27,9,21,Premium,Annual,4558,11,0
461,47,Male,46,21,2,11,Basic,Annual,3145,11,0
462,37,Male,31,27,7,27,Standard,Quarterly,1372,15,0
463,25,Male,30,2,1,12,Standard,Annual,2530,9,0
464,37,Male,52,14,6,29,Standard,Quarterly,4739,3,1
465,45,Female,35,15,1,28,Basic,Quarterly,2901,27,1
466,61,Female,5,12,3,9,Basic,Quarterly,584,27,1
467,61,Male,4,25,9,12,Premium,Monthly,962,30,0
468,37,Male,38,17,8,2,Standard,Quarterly,1439,1,1
469,31,Male,15,18,5,9,Basic,Monthly,3782,7,1
470,39,Female,45,25,7,4,Standard,Annual,3888,9,1
471,44,Female,21,6,7,22,Standard,Annual,2284,16,1
472,45,Male,33,25,3,22,Basic,Monthly,4082,16,1
473,37,Male,59,11,5,11,Standard,Monthly,3654,2,1
474,57,Female,5,11,6,1,Standard,Monthly,546,8,0
475,50,Female,32,7,5,14,Standard,Quarterly,2508,8,1
476,36,Female,6,10,2,7,Basic,Monthly,449,16,1
477,39,Female,46,19,3,6,Standard,Annual,1012,21,0
478,42,Female,12,25,6,7,Premium,Annual,3970,22,1
479,31,Female,44,10,3,15,Premium,Monthly,2500,2,1
480,41,Female,52,22,5,2,Standard,Monthly,4166,3,1
481,41,Female,53,6,10,12,Standard,Monthly,3657,4,1
482,21,Female,12,9,1,13,Premium,Quarterly,1698,12,1
483,48,Female,47,12,3,19,Premium,Quarterly,1792,3,0
484,36,Female,45,10,3,1,Basic,Annual,3339,14,0
485,47,Male,52,15,4,19,Standard,Monthly,4937,13,1
486,45,Female,26,4,5,19,Basic,Monthly,1697,4,1
487,54,Female,12,22,5,23,Basic,Annual,4779,4,1
488,55,Male,7,1,7,16,Basic,Monthly,890,20,1
489,28,Female,51,6,2,22,Premium,Annual,3156,26,1
490,63,Female,23,11,5,13,Basic,Monthly,4953,6,1
491,49,Female,8,11,5,5,Premium,Monthly,588,12,1
492,49,Male,29,24,7,22,Premium,Monthly,2059,8,1
493,51,Female,14,25,10,6,Standard,Monthly,3290,24,0
494,40,Female,1,14,4,21,Standard,Monthly,367,30,1
495,32,Male,30,9,0,20,Standard,Quarterly,2370,6,1
496,43,Male,20,3,8,10,Basic,Monthly,4128,25,1
497,53,Female,16,24,3,4,Premium,Quarterly,4190,30,0
498,64,Female,38,24,9,21,Standard,Annual,4173,21,1
499,19,Male,16,26,6,14,Standard,Monthly,3641,21,1
500,44,Female,25,2,6,11,Basic,Annual,1739,6,0
501,58,Female,6,6,1,28,Standard,Quarterly,980,8,0
502,35,Male,29,28,9,21,Basic,Annual,3267,21,1
503,60,Female,60,29,10,6,Basic,Quarterly,2002,22,1
504,55,Male,59,12,4,3,Basic,Monthly,1952,8,1
505,27,Female,59,2,0,24,Standard,Annual,4437,17,1
506,38,Male,58,14,10,17,Standard,Annual,4514,23,1
507,51,Female,36,19,5,1,Standard,Annual,4079,12,0
508,59,Female,54,22,3,5,Basic,Annual,4098,3,0
509,49,Male,41,29,3,24,Basic,Quarterly,4584,25,0
510,50,Female,46,28,1,2,Standard,Quarterly,1079,17,1
511,28,Male,12,2,0,10,Standard,Monthly,1429,21,1
512,23,Male,32,12,8,29,Basic,Quarterly,4783,14,1
513,54,Male,41,3,4,10,Standard,Quarterly,2329,18,0
514,24,Female,13,10,0,2,Basic,Quarterly,3775,10,0
515,18,Male,9,12,8,8,Basic,Annual,935,27,1
516,26,Female,5,10,0,5,Standard,Monthly,105,12,1
517,22,Female,26,6,3,12,Premium,Monthly,1632,22,1
518,45,Female,57,24,3,11,Basic,Monthly,3832,15,1
519,38,Male,28,11,10,8,Premium,Annual,1914,23,0
520,37,Male,36,21,3,12,Basic,Monthly,2799,2,1
521,49,Female,42,21,0,27,Basic,Quarterly,1660,27,1
522,30,Female,31,9,1,9,Premium,Annual,2039,1,1
523,44,Female,35,24,5,21,Premium,Annual,3579,24,0
524,46,Male,39,28,3,19,Basic,Quarterly,1946,28,1
525,64,Male,26,17,7,29,Basic,Monthly,3488,10,0
526,20,Female,50,22,9,23,Basic,Monthly,3618,15,0
527,37,Male,45,30,5,15,Premium,Monthly,2001,28,1
528,45,Female,19,5,10,8,Standard,Monthly,4673,10,1
529,60,Female,2,26,9,26,Basic,Quarterly,813,13,1
530,34,Female,51,4,3,29,Basic,Monthly,4098,22,1
531,46,Male,44,10,1,18,Standard,Annual,3064,6,1
532,34,Female,43,30,5,22,Basic,Annual,4023,27,0
533,38,Female,3,17,0,17,Premium,Quarterly,116,10,0
534,62,Female,23,2,8,29,Basic,Monthly,3620,30,1
535,49,Male,7,18,3,0,Basic,Annual,426,1,0
536,24,Male,55,26,9,19,Basic,Monthly,2832,30,0
537,58,Female,60,5,1,11,Basic,Quarterly,2354,16,1
538,47,Female,15,11,9,29,Basic,Annual,4860,7,0
539,33,Male,45,18,8,19,Basic,Annual,2774,19,1
540,60,Male,36,11,1,13,Standard,Annual,3928,6,0
541,35,Male,27,26,1,20,Basic,Annual,4591,9,0
542,37,Female,53,18,3,22,Standard,Annual,4395,20,1
543,29,Female,35,21,2,27,Premium,Quarterly,2594,26,1
544,50,Female,57,29,3,16,Basic,Quarterly,4675,30,0
545,49,Male,33,16,9,7,Basic,Annual,4192,21,1
546,38,Male,35,10,7,21,Premium,Annual,3123,11,1
547,34,Female,40,22,10,13,Standard,Annual,3130,25,0
548,34,Male,56,15,5,23,Basic,Monthly,1749,18,0
549,33,Female,18,7,10,1,Standard,Annual,2507,15,1
550,25,Male,23,5,10,25,Premium,Annual,3342,20,1
551,18,Male,4,17,10,20,Standard,Annual,541,25,1
552,31,Male,58,8,6,18,Standard,Quarterly,1757,8,0
553,59,Female,36,13,5,5,Standard,Annual,3390,4,0
554,26,Female,9,12,9,18,Premium,Monthly,780,26,0
555,34,Male,57,4,1,21,Basic,Annual,4793,16,1
556,44,Male,46,25,1,22,Standard,Annual,4336,18,1
557,53,Female,34,4,9,28,Premium,Quarterly,3179,19,1
558,30,Female,13,11,9,23,Basic,Quarterly,2180,5,1
559,41,Male,22,18,10,23,Premium,Monthly,2597,12,0
560,25,Male,59,22,8,4,Standard,Monthly,1182,29,1
561,27,Male,22,20,4,18,Premium,Monthly,2191,5,0
562,47,Female,25,27,8,12,Basic,Monthly,3618,15,0
563,47,Male,58,28,7,12,Standard,Monthly,2141,28,1
564,22,Female,47,7,8,16,Basic,Annual,3540,4,1
565,26,Female,20,2,7,25,Basic,Monthly,1423,1,1
566,40,Female,3,21,4,17,Premium,Quarterly,703,20,1
567,37,Female,55,14,0,6,Standard,Monthly,4595,7,1
568,44,Female,40,14,7,4,Premium,Monthly,4519,28,0
569,19,Female,8,5,8,26,Premium,Quarterly,567,1,1
570,48,Female,53,15,1,20,Standard,Annual,3427,26,0
571,28,Female,11,5,8,16,Standard,Monthly,984,30,1
572,62,Male,12,17,1,20,Basic,Annual,2788,4,1
573,25,Male,14,6,8,23,Premium,Quarterly,2238,4,1
574,63,Female,30,23,5,10,Premium,Annual,4996,19,0
575,45,Male,49,5,5,27,Basic,Quarterly,2729,18,1
576,37,Male,20,23,9,9,Premium,Monthly,4311,1,1
577,43,Male,2,18,0,6,Basic,Monthly,875,9,1
578,27,Male,36,15,1,25,Standard,Annual,3728,5,1
579,61,Female,58,7,9,27,Premium,Monthly,3256,9,0
580,47,Female,9,25,0,10,Premium,Annual,212,17,0
581,28,Female,13,21,3,18,Premium,Monthly,4075,4,0
582,22,Female,4,11,8,25,Basic,Quarterly,875,13,1
583,60,Male,14,24,7,6,Standard,Quarterly,3182,6,0
584,59,Female,49,2,2,22,Premium,Quarterly,4282,23,1
585,45,Female,26,30,5,25,Premium,Monthly,4084,5,0
586,27,Female,39,7,1,14,Basic,Monthly,2204,16,1
587,27,Female,47,16,8,24,Premium,Annual,3482,10,1
588,38,Female,25,9,7,14,Basic,Monthly,1876,9,1
589,61,Female,54,13,4,5,Premium,Monthly,2076,10,1
590,64,Male,2,12,4,20,Standard,Quarterly,530,8,1
591,48,Male,13,7,1,1,Standard,Quarterly,1930,19,0
592,44,Female,27,14,5,4,Standard,Monthly,1355,3,0
593,54,Female,11,13,8,5,Premium,Quarterly,189,17,1
594,57,Female,48,20,8,15,Premium,Quarterly,3635,19,1
595,37,Female,48,20,0,21,Basic,Monthly,1921,5,1
596,37,Female,24,10,0,10,Premium,Monthly,2789,21,1
597,57,Female,26,18,2,15,Premium,Annual,1987,7,0
598,20,Male,31,16,6,25,Standard,Annual,1894,23,1
599,29,Male,16,22,8,22,Basic,Annual,1460,4,1
600,24,Female,49,25,3,5,Basic,Annual,1668,18,0
601,45,Male,18,10,3,24,Basic,Quarterly,3933,1,0
602,44,Male,36,8,3,21,Standard,Quarterly,1041,30,0
603,38,Male,38,20,3,10,Standard,Monthly,4275,14,1
604,54,Male,20,3,6,19,Basic,Annual,2172,23,1
605,21,Female,27,17,6,1,Standard,Monthly,1318,6,0
606,42,Male,41,25,0,5,Standard,Monthly,3197,9,0
607,19,Female,11,25,2,6,Premium,Monthly,514,12,1
608,55,Male,22,5,1,28,Premium,Quarterly,1336,16,1
609,57,Female,55,22,8,17,Basic,Quarterly,1502,13,0
610,52,Male,58,25,6,6,Basic,Monthly,1996,25,0
611,31,Female,20,5,2,18,Premium,Monthly,3731,10,1
612,19,Female,59,17,1,28,Standard,Monthly,4370,16,1
613,48,Male,4,20,8,24,Standard,Monthly,349,4,1
614,34,Male,52,24,3,5,Basic,Quarterly,4727,24,0
615,62,Female,13,13,7,24,Basic,Annual,2740,11,1
616,62,Female,37,18,5,22,Premium,Annual,2546,14,1
617,57,Male,1,9,8,13,Standard,Quarterly,787,26,1
618,39,Male,18,5,9,30,Basic,Quarterly,2513,12,1
619,34,Male,18,28,5,21,Basic,Annual,3691,10,1
620,35,Female,42,2,4,8,Standard,Quarterly,1195,26,0
621,27,Female,22,1,9,18,Standard,Quarterly,2531,27,1
622,61,Female,45,8,9,9,Premium,Quarterly,1889,13,1
623,52,Female,30,5,3,25,Basic,Quarterly,4971,13,1
624,59,Female,57,17,1,12,Premium,Quarterly,4663,18,0
625,64,Female,57,16,10,8,Basic,Quarterly,2400,29,1
626,61,Female,2,2,5,24,Premium,Quarterly,319,8,1
627,35,Male,5,30,5,24,Basic,Monthly,623,25,1
628,51,Female,19,6,0,15,Standard,Annual,3973,30,0
629,41,Female,20,1,3,29,Standard,Monthly,3112,23,1
630,51,Female,37,30,5,27,Basic,Quarterly,1050,5,0
631,50,Male,19,18,1,11,Premium,Annual,3036,17,0
632,22,Male,51,4,6,26,Premium,Monthly,2872,11,1
633,36,Male,23,11,2,12,Basic,Annual,3123,25,0
634,52,Male,26,18,10,17,Basic,Quarterly,2877,19,0
635,37,Female,55,21,6,10,Basic,Annual,1608,29,1
636,33,Male,41,14,8,22,Basic,Monthly,3651,11,1
637,31,Male,57,29,8,18,Basic,Quarterly,1240,8,1
638,56,Female,49,2,9,3,Basic,Annual,1310,15,1
639,48,Female,55,16,2,26,Basic,Monthly,2682,8,1
640,33,Female,45,6,8,21,Premium,Annual,4233,23,1
641,35,Female,12,30,8,18,Basic,Monthly,4099,26,1
642,32,Female,40,18,9,7,Basic,Quarterly,4510,29,0
643,39,Male,60,16,9,3,Standard,Annual,2818,28,0
644,21,Male,44,1,7,12,Premium,Annual,1975,27,0
645,27,Male,10,24,0,4,Premium,Quarterly,152,21,0
646,47,Female,54,13,1,29,Basic,Quarterly,4463,30,1
647,33,Male,44,4,6,28,Standard,Annual,1708,17,0
648,29,Female,16,13,4,30,Standard,Monthly,1104,17,0
649,40,Male,11,1,10,25,Standard,Quarterly,395,28,1
650,20,Female,24,7,0,14,Basic,Monthly,4966,2,1
651,52,Female,30,19,8,9,Premium,Monthly,2751,11,1
652,27,Male,24,26,10,4,Premium,Annual,1143,10,1
653,61,Male,1,3,3,6,Standard,Annual,422,14,0
654,40,Male,58,23,6,28,Basic,Quarterly,4036,24,0
655,63,Male,15,11,10,16,Standard,Quarterly,3961,26,0
656,29,Female,23,8,0,13,Basic,Quarterly,2844,27,0
657,23,Female,11,20,5,0,Premium,Annual,880,22,0
658,18,Male,25,13,5,15,Premium,Annual,3500,24,0
659,18,Female,40,25,0,25,Standard,Quarterly,4760,2,1
660,40,Male,33,30,4,13,Standard,Annual,4362,2,0
661,41,Female,57,22,4,28,Basic,Monthly,2096,16,1
662,31,Male,51,30,8,0,Premium,Monthly,3395,30,1
663,25,Male,15,18,7,15,Premium,Monthly,2906,17,1
664,32,Male,47,8,10,22,Premium,Annual,3007,6,1
665,45,Male,10,13,4,28,Standard,Monthly,564,1,0
666,36,Male,8,7,7,11,Premium,Monthly,325,15,1
667,34,Female,58,4,1,15,Premium,Annual,4009,4,0
668,28,Female,7,18,3,23,Standard,Quarterly,876,13,1
669,61,Male,34,5,7,12,Premium,Monthly,4612,14,1
670,43,Female,45,8,7,5,Standard,Quarterly,3650,15,0
671,61,Male,50,30,10,3,Basic,Quarterly,2598,27,1
672,38,Male,26,11,0,0,Basic,Annual,1764,11,0
673,46,Male,17,10,10,21,Standard,Annual,2478,24,1
674,52,Female,53,6,5,29,Standard,Quarterly,1842,16,1
675,57,Male,11,25,7,30,Standard,Annual,172,8,0
676,57,Male,27,7,8,19,Premium,Annual,2497,13,1
677,38,Male,1,3,2,18,Premium,Monthly,638,18,1
678,46,Female,45,18,10,30,Premium,Quarterly,4736,30,0
679,38,Male,46,30,8,10,Premium,Annual,2937,16,1
680,38,Female,37,3,1,9,Standard,Quarterly,3929,13,0
681,52,Male,49,8,7,22,Standard,Monthly,1711,18,1
682,63,Male,42,24,10,5,Standard,Quarterly,3445,19,1
683,31,Female,52,30,9,27,Standard,Annual,4654,11,0
684,21,Male,34,16,0,22,Standard,Monthly,2132,5,1
685,40,Male,57,9,0,20,Standard,Quarterly,4587,11,1
686,27,Female,28,24,5,4,Premium,Annual,2423,25,1
687,18,Female,18,26,2,16,Basic,Quarterly,1399,8,1
688,22,Male,4,30,2,18,Basic,Quarterly,905,8,0
689,35,Male,20,12,8,21,Premium,Quarterly,4652,9,1
690,42,Male,44,30,2,5,Basic,Annual,2430,1,0
691,25,Female,47,22,7,4,Premium,Quarterly,1565,29,1
692,18,Female,38,21,6,13,Premium,Monthly,3082,15,1
693,53,Female,29,28,8,1,Basic,Monthly,2101,13,1
694,21,Female,13,1,5,9,Basic,Annual,2764,19,0
695,27,Female,50,14,4,26,Premium,Annual,2520,9,0
696,61,Female,57,3,0,22,Standard,Annual,1029,21,1
697,53,Female,57,18,5,18,Basic,Annual,2131,22,0
698,47,Male,59,18,2,14,Standard,Annual,2845,21,0
699,32,Male,22,21,5,0,Premium,Annual,3456,30,0
700,33,Female,7,24,2,5,Premium,Annual,637,22,1
701,38,Male,6,4,3,10,Standard,Quarterly,624,27,0
702,56,Male,44,1,4,17,Standard,Annual,3123,26,1
703,50,Female,25,8,7,23,Premium,Annual,4594,8,1
704,23,Male,41,26,3,8,Premium,Monthly,2886,21,1
705,26,Female,51,8,10,24,Standard,Annual,1260,3,1
706,39,Female,27,3,3,2,Basic,Monthly,3362,7,0
707,59,Female,29,4,4,21,Standard,Monthly,3957,4,1
708,57,Female,59,28,7,27,Standard,Annual,3459,27,1
709,52,Female,24,11,7,10,Standard,Annual,3970,30,1
710,54,Female,36,5,8,5,Premium,Annual,3199,24,1
711,20,Male,22,4,5,16,Basic,Monthly,4269,22,0
712,27,Male,52,21,10,0,Basic,Annual,4888,11,1
713,46,Male,35,14,2,19,Standard,Quarterly,1608,15,1
714,43,Female,27,25,6,7,Standard,Monthly,1173,24,1
715,55,Female,5,10,3,5,Basic,Annual,967,9,0
716,33,Male,16,20,9,5,Premium,Quarterly,3499,28,1
717,60,Male,58,14,3,27,Premium,Monthly,3245,4,0
718,57,Male,60,16,8,27,Basic,Annual,3045,24,1
719,21,Female,32,11,6,27,Basic,Quarterly,1294,14,0
720,35,Male,4,8,1,14,Standard,Annual,142,17,0
721,54,Male,59,4,7,16,Standard,Quarterly,2937,12,1
722,33,Male,2,1,5,13,Basic,Monthly,459,1,1
723,28,Female,55,26,5,18,Premium,Monthly,3307,21,0
724,65,Male,56,1,3,12,Basic,Quarterly,4333,21,0
725,33,Male,23,1,3,24,Premium,Monthly,3134,1,1
726,20,Female,52,10,0,10,Standard,Quarterly,3384,23,0
727,57,Male,28,13,1,0,Basic,Annual,4004,21,0
728,45,Male,11,6,10,28,Basic,Annual,352,16,0
729,34,Male,37,19,8,1,Standard,Annual,1420,26,1
730,21,Female,2,7,1,17,Basic,Monthly,921,29,1
731,50,Female,32,7,9,23,Basic,Annual,3128,15,1
732,31,Male,44,18,3,3,Standard,Annual,2361,20,0
733,23,Female,31,3,6,11,Basic,Annual,2102,18,1
734,55,Female,40,13,10,22,Basic,Monthly,3138,13,1
735,33,Male,44,29,7,30,Premium,Monthly,3616,26,0
736,21,Male,6,4,9,0,Premium,Annual,442,18,1
737,46,Male,6,5,2,25,Premium,Quarterly,885,2,1
738,58,Female,28,30,6,6,Basic,Annual,4315,12,1
739,64,Male,36,14,2,29,Premium,Monthly,2948,2,0
740,24,Female,11,8,1,12,Standard,Annual,146,9,0
741,21,Female,42,1,10,29,Premium,Annual,1939,10,0
742,52,Female,29,4,6,11,Standard,Annual,2632,30,1
743,36,Female,27,15,3,12,Basic,Annual,1772,16,0
744,52,Male,24,26,4,28,Premium,Quarterly,4400,6,1
745,27,Male,20,9,0,16,Premium,Monthly,3696,25,1
746,42,Male,51,2,1,25,Standard,Quarterly,4386,2,1
747,30,Female,43,22,10,16,Premium,Quarterly,4422,21,1
748,38,Female,58,19,8,19,Standard,Quarterly,2838,20,0
749,44,Male,14,14,6,18,Standard,Quarterly,4338,15,1
750,26,Male,38,12,7,4,Basic,Monthly,3837,2,0
751,28,Male,53,13,2,29,Basic,Annual,3630,18,1
752,50,Female,47,19,7,7,Premium,Quarterly,3978,1,1
753,26,Female,54,3,7,30,Standard,Annual,1391,19,1
754,22,Female,13,2,7,1,Basic,Quarterly,2932,2,1
755,51,Female,60,18,5,26,Premium,Quarterly,2784,14,1
756,60,Female,24,30,4,26,Basic,Annual,2609,28,1
757,61,Male,59,24,9,10,Premium,Quarterly,4374,21,1
758,46,Male,25,3,6,23,Premium,Annual,2736,28,1
759,26,Male,12,1,5,13,Basic,Monthly,3241,7,1
760,24,Female,45,25,6,7,Basic,Quarterly,1749,6,1
761,22,Male,15,15,10,0,Premium,Monthly,3087,22,1
762,56,Female,13,1,2,6,Standard,Annual,3332,24,0
763,36,Male,15,30,3,17,Premium,Monthly,1598,24,0
764,49,Male,54,24,0,4,Standard,Annual,2067,10,1
765,26,Male,11,4,0,26,Basic,Monthly,745,24,1
766,48,Male,26,7,0,16,Standard,Monthly,3187,12,1
767,25,Male,44,23,0,16,Standard,Monthly,3789,19,1
768,62,Female,49,10,1,5,Standard,Annual,4156,22,0
769,41,Female,2,13,10,19,Premium,Monthly,170,12,1
770,60,Male,41,13,4,15,Standard,Annual,1692,14,0
771,29,Male,30,22,8,2,Standard,Annual,1051,5,1
772,18,Male,17,22,4,20,Premium,Annual,1295,22,1
773,43,Female,26,26,9,2,Premium,Monthly,3243,18,1
774,52,Male,19,6,9,15,Basic,Monthly,4755,14,0
775,31,Female,34,8,2,1,Premium,Annual,4862,6,0
776,20,Male,17,13,2,24,Premium,Annual,4244,3,1
777,19,Female,47,30,9,30,Standard,Annual,4955,20,1
778,42,Female,21,16,8,7,Standard,Annual,4990,24,1
779,55,Male,29,6,1,19,Basic,Annual,1272,12,1
780,44,Male,53,4,3,25,Standard,Annual,3682,3,1
781,61,Male,8,12,6,5,Premium,Monthly,950,18,0
782,32,Male,39,23,7,30,Standard,Quarterly,4493,29,1
783,44,Male,14,21,2,2,Standard,Monthly,1087,29,1
784,23,Female,3,3,2,6,Premium,Annual,984,7,0
785,36,Female,58,20,4,29,Basic,Annual,1060,5,0
786,24,Female,60,3,3,5,Standard,Quarterly,3313,1,1
787,25,Male,54,24,6,18,Standard,Quarterly,4829,20,0
788,18,Male,58,7,0,25,Premium,Quarterly,2125,28,0
789,24,Male,45,16,2,11,Basic,Quarterly,4141,2,0
790,35,Male,28,26,6,5,Premium,Quarterly,4173,3,0
791,18,Male,40,18,8,22,Premium,Quarterly,3970,18,1
792,33,Male,22,29,10,23,Premium,Monthly,2477,19,1
793,63,Female,39,4,9,5,Premium,Quarterly,2650,17,1
794,51,Female,19,28,4,7,Standard,Quarterly,3950,5,0
795,50,Male,6,20,8,17,Premium,Monthly,803,8,1
796,58,Female,2,9,4,26,Basic,Monthly,499,20,1
797,47,Female,41,8,10,24,Premium,Annual,4700,9,0
798,22,Male,46,4,7,26,Basic,Monthly,4085,1,1
799,22,Female,12,14,9,5,Standard,Quarterly,2211,26,1
800,34,Male,33,16,7,19,Basic,Annual,3809,26,1
801,29,Male,52,12,9,21,Basic,Quarterly,1218,30,1
802,40,Male,38,10,6,22,Standard,Monthly,2020,3,1
803,41,Male,45,21,8,15,Premium,Monthly,3415,10,1
804,32,Female,22,30,1,22,Premium,Annual,3807,29,1
805,37,Male,46,21,10,29,Basic,Monthly,2569,11,1
806,25,Female,48,17,6,4,Basic,Annual,2389,7,1
807,59,Male,10,9,1,18,Premium,Monthly,350,2,1
808,34,Male,44,12,6,17,Basic,Quarterly,1670,15,1
809,18,Male,13,26,1,14,Basic,Annual,4512,14,0
810,22,Male,45,12,1,26,Premium,Annual,3482,14,1
811,29,Female,40,4,0,8,Standard,Quarterly,3723,19,0
812,39,Female,52,30,10,21,Standard,Monthly,2534,26,1
813,62,Male,15,21,9,7,Basic,Monthly,3923,14,0
814,65,Male,11,23,4,10,Standard,Monthly,230,7,1
815,58,Male,30,10,10,6,Standard,Quarterly,2195,26,1
816,35,Female,43,23,9,29,Basic,Annual,1186,22,1
817,20,Male,27,5,9,16,Premium,Quarterly,4202,14,1
818,56,Male,25,16,2,25,Standard,Quarterly,4501,4,1
819,55,Male,3,13,4,10,Standard,Quarterly,659,3,0
820,25,Female,10,27,1,9,Premium,Annual,464,17,0
821,65,Male,18,15,9,4,Basic,Monthly,2094,5,1
822,21,Female,26,27,2,18,Standard,Monthly,3485,16,1
823,62,Female,43,4,10,25,Standard,Monthly,3219,6,1
824,29,Male,33,6,4,25,Premium,Annual,2109,28,1
825,39,Female,39,26,8,29,Basic,Monthly,3381,10,1
826,40,Female,30,27,7,7,Premium,Quarterly,1168,2,1
827,35,Female,27,19,6,0,Premium,Monthly,4839,4,1
828,46,Female,23,30,6,3,Basic,Monthly,2515,21,1
829,43,Male,28,27,5,17,Standard,Monthly,1044,29,1
830,53,Female,34,5,10,1,Premium,Quarterly,2154,16,0
831,56,Male,3,25,0,17,Premium,Monthly,956,15,1
832,33,Male,9,10,2,21,Premium,Annual,403,16,1
833,30,Female,42,5,0,23,Standard,Quarterly,4644,3,0
834,27,Female,19,8,9,6,Basic,Annual,4075,28,1
835,44,Female,47,20,5,29,Premium,Monthly,4501,18,1
836,52,Female,19,14,2,8,Basic,Annual,4284,17,0
837,24,Male,5,1,4,0,Basic,Quarterly,744,28,0
838,51,Male,59,10,3,0,Basic,Monthly,1898,5,1
839,46,Male,17,12,5,19,Premium,Monthly,4590,13,1
840,18,Female,12,14,10,21,Basic,Monthly,1745,13,1
841,65,Male,17,15,5,16,Basic,Monthly,1701,27,1
842,50,Female,6,20,2,0,Premium,Quarterly,437,11,0
843,58,Female,43,14,5,16,Basic,Annual,3832,24,0
844,38,Female,44,4,8,16,Basic,Monthly,2705,30,1
845,27,Female,51,14,9,16,Basic,Monthly,4173,5,1
846,48,Male,48,20,10,20,Standard,Monthly,1424,20,0
847,39,Female,29,9,0,10,Standard,Annual,3364,7,1
848,64,Male,38,25,8,9,Standard,Annual,1403,5,0
849,45,Female,15,17,4,22,Premium,Annual,2377,29,1
850,53,Male,41,4,4,28,Premium,Monthly,4016,5,0
851,21,Male,33,4,10,6,Basic,Quarterly,2763,6,1
852,22,Male,43,9,1,16,Basic,Annual,3711,1,1
853,62,Male,38,28,3,5,Premium,Quarterly,1145,14,0
854,62,Male,52,4,8,21,Standard,Annual,2133,7,0
855,38,Female,1,12,3,15,Basic,Quarterly,914,6,0
856,62,Male,3,9,1,7,Premium,Quarterly,538,24,0
857,65,Female,23,14,10,2,Standard,Annual,3942,27,1
858,57,Female,44,26,1,8,Basic,Quarterly,3418,3,0
859,65,Female,20,15,9,16,Standard,Annual,4459,25,1
860,21,Female,56,12,10,11,Basic,Quarterly,2561,24,0
861,29,Female,49,8,10,22,Standard,Monthly,1439,24,1
862,52,Female,3,1,1,12,Premium,Monthly,399,30,1
863,34,Male,6,20,6,26,Basic,Monthly,792,16,0
864,65,Male,12,29,6,10,Premium,Annual,3160,23,1
865,44,Male,29,21,8,27,Premium,Annual,3928,6,0
866,25,Female,37,3,6,19,Basic,Quarterly,1087,26,1
867,63,Female,51,10,3,23,Standard,Annual,2087,1,1
868,31,Female,34,13,1,24,Premium,Monthly,1504,10,1
869,42,Male,27,2,6,15,Premium,Monthly,2662,10,0
870,41,Male,15,14,7,19,Standard,Annual,3005,1,0
871,22,Male,8,24,4,1,Standard,Quarterly,826,2,0
872,33,Male,25,30,6,11,Premium,Quarterly,2163,19,0
873,20,Female,55,18,4,21,Standard,Quarterly,4078,23,1
874,60,Male,54,27,10,26,Basic,Annual,3556,3,0
875,30,Female,26,24,1,25,Standard,Quarterly,1922,16,1
876,57,Female,1,8,2,20,Standard,Monthly,585,17,1
877,33,Male,4,24,3,9,Standard,Quarterly,976,24,0
878,35,Male,34,21,8,2,Standard,Monthly,1294,14,0
879,55,Female,6,1,5,2,Standard,Annual,830,17,0
880,22,Male,12,4,10,14,Premium,Quarterly,1397,2,1
881,44,Male,24,27,6,13,Basic,Annual,4889,30,0
882,32,Female,50,13,9,7,Premium,Annual,3315,29,1
883,56,Male,7,25,8,24,Basic,Monthly,614,23,1
884,36,Male,11,22,9,13,Standard,Quarterly,632,10,1
885,26,Female,18,11,8,27,Standard,Annual,3157,18,1
886,52,Female,11,24,10,8,Premium,Annual,659,27,0
887,19,Male,16,7,8,30,Standard,Annual,3211,29,1
888,29,Female,47,17,1,5,Standard,Monthly,1099,28,1
889,41,Female,8,6,6,26,Premium,Monthly,867,9,0
890,52,Male,39,25,3,16,Standard,Monthly,2505,8,1
891,53,Female,45,20,2,23,Premium,Quarterly,3038,21,1
892,41,Female,41,16,6,9,Premium,Quarterly,3416,10,1
893,33,Male,24,25,4,15,Standard,Quarterly,4512,26,0
894,47,Female,25,17,7,5,Premium,Annual,2548,27,0
895,56,Female,14,5,6,5,Premium,Quarterly,2932,22,1
896,50,Female,21,12,3,17,Premium,Annual,4504,18,1
897,39,Male,16,7,8,24,Premium,Annual,3819,11,1
898,56,Male,17,30,8,3,Standard,Annual,4349,30,0
899,26,Male,14,3,5,4,Premium,Quarterly,1629,20,1
900,59,Male,25,11,3,6,Basic,Monthly,1541,3,1
901,57,Male,27,10,2,11,Basic,Annual,1072,22,1
902,28,Female,58,3,7,4,Basic,Monthly,2875,29,0
903,49,Female,58,1,1,3,Basic,Monthly,3826,13,0
904,39,Male,22,30,10,5,Basic,Monthly,1800,6,0
905,62,Female,46,29,10,6,Basic,Annual,2376,9,1
906,37,Male,7,18,4,18,Premium,Annual,612,18,1
907,29,Female,14,16,9,19,Premium,Annual,3115,28,0
908,42,Female,7,5,1,7,Premium,Quarterly,838,2,1
909,51,Female,12,3,6,26,Premium,Quarterly,2468,5,0
910,27,Female,39,14,7,27,Basic,Quarterly,1422,1,1
911,47,Male,60,13,5,4,Basic,Annual,4336,2,0
912,31,Male,24,18,1,10,Basic,Quarterly,4969,3,0
913,41,Female,55,12,6,19,Basic,Annual,1511,21,0
914,30,Male,6,15,8,11,Basic,Annual,772,22,1
915,24,Female,53,25,5,4,Basic,Annual,3461,2,0
916,57,Female,36,24,3,0,Premium,Monthly,3116,15,1
917,49,Male,2,20,6,25,Standard,Annual,354,10,0
918,19,Male,37,2,3,9,Standard,Annual,2302,17,0
919,36,Female,46,24,10,3,Standard,Quarterly,1948,19,0
920,41,Female,10,13,2,21,Basic,Annual,730,26,1
921,21,Male,59,24,9,8,Premium,Monthly,3144,3,1
922,59,Male,60,27,2,15,Basic,Monthly,1659,15,1
923,57,Male,33,18,10,15,Standard,Monthly,3150,24,0
924,25,Male,35,10,3,25,Basic,Monthly,4219,23,1
925,47,Female,55,30,1,21,Standard,Quarterly,1638,8,1
926,64,Male,38,4,8,28,Standard,Monthly,2754,27,1
927,46,Female,31,6,10,30,Basic,Annual,4059,20,1
928,57,Male,34,4,1,1,Standard,Quarterly,2138,22,1
929,53,Female,11,7,10,13,Premium,Annual,982,27,1
930,41,Female,36,1,5,23,Standard,Annual,2653,8,1
931,55,Female,2,15,10,1,Basic,Monthly,744,14,0
932,27,Male,35,15,10,29,Basic,Quarterly,2862,23,1
933,33,Female,17,19,9,18,Basic,Annual,3640,13,0
934,26,Male,36,20,3,14,Premium,Quarterly,1382,21,1
935,21,Male,38,1,6,8,Standard,Monthly,1851,26,1
936,50,Male,39,3,5,8,Basic,Annual,4964,2,0
937,54,Male,38,21,10,22,Basic,Monthly,2490,4,1
938,36,Male,58,24,2,11,Standard,Quarterly,3293,24,1
939,52,Female,7,27,6,5,Standard,Monthly,755,14,0
940,31,Male,49,26,4,15,Basic,Annual,3962,13,0
941,47,Female,19,14,1,15,Standard,Monthly,3518,11,1
942,47,Female,33,9,9,25,Premium,Annual,3329,23,1
943,50,Male,27,24,1,6,Basic,Monthly,2219,12,1
944,25,Female,26,1,5,9,Basic,Annual,3805,21,0
945,33,Female,48,20,4,24,Premium,Annual,4628,21,1
946,48,Male,39,17,3,12,Basic,Quarterly,2395,14,0
947,33,Male,55,27,3,27,Basic,Monthly,2033,22,1
948,23,Female,19,30,3,11,Standard,Monthly,4399,23,1
949,33,Male,12,16,4,22,Basic,Monthly,2347,30,1
950,50,Male,21,28,9,15,Basic,Annual,3380,8,1
951,62,Female,33,21,5,19,Premium,Annual,1424,7,1
952,45,Female,39,1,9,11,Basic,Monthly,1264,15,0
953,57,Male,27,4,4,30,Standard,Annual,4140,3,1
954,25,Female,29,25,3,11,Premium,Quarterly,3348,24,0
955,64,Male,13,3,10,25,Standard,Monthly,1563,27,1
956,46,Female,36,8,1,25,Premium,Annual,2682,7,1
957,41,Female,17,14,8,25,Standard,Monthly,2328,26,0
958,21,Male,58,3,8,11,Basic,Quarterly,3808,28,1
959,46,Female,12,23,2,23,Standard,Monthly,2259,6,1
960,37,Female,3,18,5,2,Basic,Quarterly,402,26,0
961,59,Female,16,15,1,9,Premium,Monthly,2158,19,1
962,59,Female,18,13,3,16,Premium,Monthly,4221,18,1
963,29,Male,26,2,1,26,Premium,Quarterly,2846,14,1
964,58,Male,40,10,0,23,Premium,Monthly,2291,20,1
965,40,Female,32,10,10,2,Premium,Monthly,4932,30,1
966,22,Male,40,21,8,25,Standard,Monthly,4348,27,1
967,33,Male,44,17,4,11,Basic,Quarterly,1209,30,0
968,24,Male,16,11,1,21,Standard,Monthly,2120,16,1
969,35,Male,24,26,9,6,Standard,Quarterly,1049,4,1
970,41,Female,30,9,3,5,Basic,Monthly,1845,6,1
971,48,Female,51,10,2,14,Basic,Annual,3416,16,0
972,38,Female,4,11,3,27,Premium,Annual,442,3,1
973,60,Female,48,3,6,1,Premium,Monthly,4130,16,1
974,24,Male,24,29,6,9,Premium,Monthly,3220,21,0
975,41,Male,16,16,1,23,Standard,Monthly,3657,2,1
976,18,Male,42,3,2,14,Premium,Quarterly,4282,17,0
977,50,Female,34,7,5,12,Basic,Quarterly,4200,5,0
978,39,Male,48,18,1,1,Standard,Annual,4148,19,0
979,57,Male,46,27,8,29,Standard,Quarterly,4537,10,1
980,19,Male,21,10,6,18,Basic,Annual,3045,7,1
981,50,Male,53,26,1,29,Premium,Annual,1258,7,1
982,53,Female,52,21,9,8,Basic,Annual,1070,6,0
983,29,Male,15,1,3,10,Standard,Monthly,4892,17,1
984,34,Female,19,30,2,17,Basic,Annual,3993,19,1
985,55,Male,59,10,5,18,Standard,Quarterly,1155,30,1
986,20,Male,58,20,0,13,Standard,Quarterly,1799,17,1
987,35,Male,7,7,2,20,Standard,Monthly,628,17,1
988,48,Male,22,8,8,11,Basic,Quarterly,3053,27,0
989,28,Male,7,28,9,30,Standard,Monthly,852,17,1
990,45,Male,46,2,1,11,Basic,Monthly,3781,9,1
991,44,Male,33,20,10,29,Standard,Annual,2530,18,1
992,65,Female,47,29,9,12,Basic,Quarterly,4066,6,1
993,62,Female,28,28,7,11,Basic,Annual,2423,12,1
994,43,Female,31,23,3,27,Premium,Annual,2408,16,0
995,60,Male,44,23,7,8,Premium,Monthly,2084,23,1
996,26,Male,36,10,6,11,Basic,Quarterly,1756,30,1
997,57,Male,12,26,2,2,Standard,Quarterly,3219,21,1
998,54,Male,12,4,5,12,Premium,Annual,1765,30,0
999,37,Female,41,27,9,1,Basic,Annual,3396,12,0
1000,20,Male,21,8,7,19,Premium,Annual,4463,25,1
1001,55,Female,40,26,5,7,Basic,Annual,3512,11,1
1002,59,Male,3,24,2,18,Premium,Quarterly,941,5,1
1003,24,Female,49,2,5,14,Standard,Monthly,1296,21,1
1004,56,Male,8,3,2,9,Premium,Annual,171,13,0
1005,34,Male,40,6,6,17,Standard,Quarterly,1370,10,1
1006,51,Male,13,7,6,21,Standard,Monthly,1720,24,1
1007,25,Male,57,24,5,0,Premium,Annual,3770,18,0
1008,53,Female,58,27,0,2,Premium,Quarterly,3672,4,1
1009,22,Male,17,24,3,6,Basic,Quarterly,1832,9,0
1010,49,Female,11,23,10,9,Premium,Annual,735,2,0
1011,37,Female,11,27,5,0,Standard,Monthly,826,12,1
1012,20,Male,3,20,2,3,Basic,Annual,420,1,0
1013,19,Male,51,17,8,2,Basic,Monthly,3947,8,1
1014,54,Male,4,11,4,18,Basic,Annual,831,16,1
1015,38,Female,48,27,7,18,Premium,Quarterly,1903,27,1
1016,55,Male,27,21,5,29,Basic,Annual,1041,5,0
1017,33,Female,11,27,8,29,Premium,Monthly,644,19,0
1018,65,Female,27,28,0,29,Basic,Annual,4041,12,0
1019,42,Female,36,4,10,26,Premium,Quarterly,2654,8,1
1020,28,Male,29,28,9,6,Basic,Annual,1445,26,1
1021,49,Male,37,7,9,10,Premium,Annual,3814,2,1
1022,18,Male,53,2,10,19,Standard,Annual,4291,19,0
1023,29,Male,7,15,0,18,Basic,Annual,407,15,0
1024,28,Male,11,3,6,7,Standard,Annual,661,23,1
1025,25,Male,7,2,9,26,Basic,Quarterly,882,1,1
1026,24,Female,42,19,8,24,Standard,Annual,4994,16,1
1027,56,Female,1,12,0,26,Premium,Quarterly,619,29,1
1028,51,Male,25,3,6,29,Standard,Quarterly,2826,4,1
1029,43,Female,14,15,8,6,Basic,Quarterly,4598,30,1
1030,45,Male,45,27,4,12,Standard,Quarterly,1936,22,0
1031,25,Male,21,11,4,29,Premium,Monthly,1552,17,1
1032,28,Female,22,16,8,23,Basic,Quarterly,1354,20,0
1033,51,Male,28,11,7,9,Premium,Quarterly,4424,18,0
1034,43,Female,1,20,2,27,Premium,Monthly,553,1,0
1035,65,Female,42,28,5,23,Standard,Annual,3190,8,1
1036,55,Female,46,23,1,8,Premium,Monthly,2110,30,1
1037,61,Male,5,20,5,30,Basic,Annual,836,9,1
1038,25,Female,20,24,3,30,Basic,Annual,4229,17,1
1039,51,Male,41,4,7,0,Standard,Annual,2533,20,1
1040,35,Male,25,1,8,27,Premium,Quarterly,3783,13,1
1041,21,Male,37,27,6,27,Standard,Monthly,4091,29,0
1042,64,Female,23,2,9,14,Basic,Quarterly,2518,13,1
1043,59,Male,4,2,10,3,Premium,Monthly,478,7,1
1044,63,Male,27,25,9,26,Premium,Quarterly,2090,15,1
1045,43,Male,9,29,7,5,Premium,Annual,918,19,0
1046,35,Female,8,16,10,12,Basic,Quarterly,637,14,0
1047,64,Male,31,9,10,4,Premium,Quarterly,2684,8,0
1048,35,Male,32,10,1,13,Basic,Annual,4920,20,1
1049,28,Male,57,2,7,27,Basic,Annual,4013,13,1
1050,30,Male,19,7,5,11,Premium,Monthly,4712,10,1
1051,27,Male,29,3,5,18,Premium,Monthly,4448,21,1
1052,60,Female,9,5,5,21,Standard,Monthly,567,17,0
1053,21,Female,24,27,6,26,Standard,Annual,2828,13,1
1054,62,Female,16,15,2,0,Basic,Annual,4046,11,1
1055,30,Male,16,18,6,28,Basic,Annual,1919,14,0
1056,32,Female,8,10,3,3,Standard,Annual,915,4,0
1057,46,Female,11,13,3,9,Basic,Monthly,820,25,1
1058,40,Male,57,26,1,3,Standard,Monthly,2396,22,1
1059,22,Male,57,3,0,1,Basic,Monthly,2374,3,1
1060,61,Female,45,29,3,28,Standard,Annual,2221,13,1
1061,61,Male,11,18,3,17,Standard,Annual,190,2,1
1062,58,Male,34,26,0,5,Premium,Quarterly,2116,16,0
1063,19,Male,17,10,1,22,Basic,Quarterly,1952,16,0
1064,37,Female,2,28,1,12,Basic,Annual,951,29,0
1065,38,Male,55,19,8,23,Premium,Monthly,1172,20,1
1066,42,Female,4,24,2,28,Standard,Annual,762,4,0
1067,47,Male,6,1,9,21,Standard,Annual,731,1,1
1068,21,Female,6,25,5,17,Premium,Monthly,140,18,0
1069,56,Female,2,18,0,25,Premium,Annual,706,23,1
1070,43,Female,57,5,3,0,Premium,Monthly,3444,20,1
1071,26,Male,44,12,2,7,Standard,Quarterly,3216,3,1
1072,65,Female,44,23,0,17,Premium,Annual,2632,19,1
1073,21,Male,2,20,3,12,Premium,Monthly,354,1,1
1074,59,Male,21,27,9,30,Standard,Annual,3621,19,1
1075,60,Male,32,11,1,5,Basic,Annual,4785,14,0
1076,37,Female,48,4,4,30,Standard,Monthly,4472,3,0
1077,30,Female,58,17,10,7,Standard,Monthly,4320,23,1
1078,36,Male,33,29,10,5,Basic,Annual,2221,19,1
1079,52,Female,11,26,8,0,Basic,Annual,281,5,1
1080,32,Male,44,27,6,2,Premium,Monthly,2978,28,1
1081,23,Male,6,19,5,7,Standard,Monthly,349,20,0
1082,18,Male,14,6,5,21,Basic,Quarterly,3819,14,1
1083,27,Female,53,23,4,16,Basic,Annual,1737,7,1
1084,25,Female,16,22,8,5,Premium,Quarterly,1326,18,1
1085,53,Female,30,20,8,10,Standard,Quarterly,4086,13,1
1086,30,Male,6,3,8,29,Standard,Annual,238,20,1
1087,57,Male,59,3,0,19,Basic,Annual,1126,23,0
1088,43,Female,5,2,3,2,Standard,Quarterly,106,5,1
1089,64,Female,19,8,3,13,Standard,Annual,1402,18,0
1090,39,Male,17,7,10,21,Basic,Quarterly,2227,27,1
1091,41,Female,6,16,10,13,Premium,Annual,465,5,1
1092,53,Female,41,28,5,21,Standard,Annual,2888,26,1
1093,31,Male,50,4,10,10,Standard,Annual,2917,22,0
1094,26,Female,23,25,3,15,Premium,Quarterly,1315,11,0
1095,21,Female,43,21,2,15,Standard,Quarterly,3229,26,0
1096,64,Female,21,19,5,28,Standard,Annual,3880,29,1
1097,25,Male,4,7,3,30,Basic,Quarterly,358,3,1
1098,37,Female,40,30,0,23,Premium,Annual,1370,5,1
1099,57,Male,3,29,2,17,Basic,Monthly,244,4,0
1100,38,Male,52,3,1,29,Standard,Quarterly,1051,30,0
1101,46,Male,14,23,3,4,Basic,Monthly,2253,20,0
1102,65,Male,47,9,6,8,Premium,Monthly,3116,18,0
1103,56,Female,26,9,5,22,Premium,Annual,4067,28,0
1104,39,Female,19,23,3,22,Basic,Quarterly,4055,28,1
1105,63,Female,52,30,6,6,Basic,Quarterly,2956,21,1
1106,58,Male,53,3,1,21,Standard,Annual,1051,30,1
1107,44,Male,42,19,3,0,Basic,Quarterly,4134,16,0
1108,29,Male,36,13,0,23,Basic,Monthly,1099,22,1
1109,36,Male,17,15,9,27,Premium,Quarterly,3307,23,1
1110,64,Female,41,21,0,17,Basic,Monthly,2989,24,1
1111,40,Male,25,22,8,26,Premium,Monthly,2562,23,1
1112,18,Male,49,13,6,2,Premium,Quarterly,1678,5,1
1113,35,Male,20,1,2,8,Premium,Quarterly,3041,10,0
1114,31,Male,23,22,7,20,Premium,Annual,4476,11,1
1115,34,Female,46,13,7,29,Basic,Quarterly,3224,25,0
1116,25,Male,57,10,9,22,Premium,Monthly,4180,28,1
1117,55,Female,3,21,4,20,Basic,Monthly,483,29,1
1118,39,Male,32,17,3,5,Basic,Quarterly,4453,10,0
1119,36,Female,21,24,8,19,Standard,Quarterly,1261,26,1
1120,59,Female,28,28,4,15,Premium,Annual,1867,29,0
1121,28,Female,11,24,0,9,Basic,Monthly,906,22,1
1122,22,Male,1,19,5,20,Standard,Monthly,285,2,1
1123,25,Male,53,9,6,29,Premium,Quarterly,3045,16,1
1124,40,Male,57,1,9,0,Premium,Quarterly,4881,20,1
1125,30,Male,10,27,6,29,Standard,Monthly,441,14,1
1126,24,Male,14,25,7,3,Basic,Annual,4355,11,0
1127,32,Male,35,1,8,2,Standard,Annual,4392,21,1
1128,31,Male,55,9,4,30,Standard,Quarterly,1856,19,1
1129,28,Female,60,21,2,7,Basic,Annual,2751,2,0
1130,22,Male,57,17,9,3,Standard,Monthly,3077,20,1
1131,38,Male,54,23,7,28,Basic,Quarterly,3896,1,1
1132,39,Female,40,23,8,9,Premium,Quarterly,1048,8,1
1133,61,Female,59,7,10,9,Premium,Monthly,2447,18,0
1134,37,Female,26,13,8,16,Standard,Monthly,3351,7,0
1135,18,Male,13,3,3,18,Standard,Quarterly,2689,25,0
1136,41,Female,46,24,5,22,Standard,Quarterly,3413,15,1
1137,57,Female,56,1,2,19,Standard,Monthly,2453,24,1
1138,52,Male,50,29,1,20,Standard,Quarterly,4953,26,0
1139,46,Male,60,17,3,8,Standard,Annual,2454,8,0
1140,36,Female,24,17,1,12,Premium,Annual,2363,2,1
1141,24,Female,16,6,7,27,Basic,Annual,4265,14,1
1142,41,Male,1,15,0,5,Standard,Annual,747,24,0
1143,43,Male,27,9,9,27,Standard,Quarterly,2402,26,1
1144,38,Male,43,25,6,28,Standard,Quarterly,4494,4,1
1145,56,Male,29,14,4,16,Basic,Quarterly,1189,3,1
1146,47,Male,8,20,9,23,Basic,Quarterly,235,16,1
1147,65,Female,7,1,10,28,Premium,Annual,629,1,1
1148,47,Female,22,8,5,17,Standard,Quarterly,3067,8,1
1149,37,Female,40,24,1,18,Standard,Quarterly,3287,1,0
1150,25,Male,15,8,9,13,Basic,Quarterly,1505,14,1
1151,23,Female,42,29,10,29,Basic,Monthly,3203,3,1
1152,59,Male,8,27,9,23,Premium,Monthly,231,1,1
1153,23,Female,1,1,8,20,Basic,Monthly,399,25,1
1154,43,Female,35,7,9,19,Premium,Quarterly,1094,16,1
1155,54,Male,17,4,8,20,Basic,Quarterly,2647,16,1
1156,65,Female,58,10,10,0,Premium,Monthly,1372,6,1
1157,44,Male,45,11,7,4,Premium,Annual,2359,9,0
1158,64,Male,3,11,1,5,Premium,Quarterly,271,26,0
1159,36,Male,9,5,4,9,Premium,Quarterly,535,22,0
1160,53,Female,58,19,1,11,Premium,Annual,4953,19,0
1161,62,Male,46,18,10,17,Basic,Annual,4688,11,0
1162,48,Female,39,20,7,13,Standard,Monthly,4848,4,0
1163,36,Female,7,19,7,17,Basic,Monthly,505,10,1
1164,48,Male,7,27,3,10,Standard,Monthly,362,27,1
1165,19,Male,40,1,3,20,Standard,Quarterly,3220,20,1
1166,56,Male,52,15,5,7,Standard,Monthly,1662,7,1
1167,55,Female,10,13,1,1,Basic,Annual,677,9,0
1168,27,Male,55,16,6,5,Premium,Quarterly,2631,24,1
1169,36,Female,13,12,7,0,Basic,Annual,4412,24,1
1170,47,Male,26,9,0,18,Basic,Quarterly,1066,26,1
1171,60,Male,44,5,7,24,Premium,Monthly,2699,20,0
1172,25,Female,47,4,0,0,Standard,Monthly,1774,29,1
1173,43,Female,44,12,6,14,Standard,Quarterly,1301,26,0
1174,43,Male,45,8,10,22,Standard,Monthly,4095,28,1
1175,33,Female,53,7,2,12,Basic,Annual,2782,23,0
1176,36,Female,31,16,0,11,Standard,Annual,1236,11,0
1177,55,Male,11,17,9,20,Standard,Quarterly,103,17,1
1178,33,Female,36,30,1,0,Premium,Annual,4603,18,0
1179,65,Female,27,23,0,2,Basic,Monthly,4611,14,0
1180,38,Male,34,30,8,9,Basic,Monthly,4971,8,0
1181,44,Male,38,19,5,28,Premium,Quarterly,2057,14,1
1182,24,Female,5,21,1,28,Standard,Monthly,416,8,1
1183,32,Male,21,11,1,27,Premium,Monthly,2708,19,0
1184,58,Female,30,13,1,3,Standard,Monthly,2428,20,1
1185,25,Male,39,9,3,29,Premium,Monthly,3670,24,1
1186,19,Female,33,18,1,19,Basic,Monthly,3122,26,1
1187,46,Male,7,3,8,20,Basic,Monthly,156,10,0
1188,51,Male,3,27,8,29,Premium,Monthly,333,7,1
1189,59,Male,58,2,9,10,Standard,Annual,1312,30,1
1190,40,Female,35,8,6,0,Premium,Monthly,1737,8,0
1191,57,Female,20,14,7,15,Basic,Monthly,1393,23,0
1192,47,Female,15,24,3,23,Premium,Monthly,2449,17,1
1193,55,Female,29,24,4,8,Basic,Quarterly,1584,28,0
1194,49,Male,32,3,7,22,Premium,Monthly,1728,27,1
1195,46,Female,28,2,2,26,Premium,Annual,2180,26,1
1196,30,Female,56,8,9,18,Basic,Annual,4036,14,0
1197,35,Male,32,4,8,28,Standard,Annual,3621,17,1
1198,34,Male,7,13,3,6,Basic,Annual,466,1,0
1199,35,Male,28,13,5,9,Basic,Annual,4330,25,1
1200,34,Male,23,23,7,1,Standard,Quarterly,3261,8,0
1201,61,Female,27,4,4,8,Premium,Annual,2873,23,1
1202,45,Female,3,24,6,17,Premium,Quarterly,756,12,1
1203,39,Female,51,24,7,8,Basic,Annual,2192,15,1
1204,47,Male,20,19,1,7,Basic,Monthly,3732,26,1
1205,25,Female,16,19,4,9,Basic,Quarterly,4227,16,0
1206,49,Male,4,3,7,30,Standard,Annual,989,1,0
1207,42,Male,30,9,9,2,Standard,Quarterly,4194,16,0
1208,45,Female,2,28,1,13,Premium,Annual,733,10,0
1209,64,Female,36,29,1,24,Standard,Monthly,3310,8,1
1210,21,Female,40,25,5,3,Basic,Monthly,2304,10,1
1211,46,Male,22,19,6,24,Basic,Monthly,3781,10,0
1212,43,Male,36,6,8,28,Basic,Annual,2531,13,1
1213,37,Male,20,1,7,30,Premium,Quarterly,3899,3,0
1214,31,Female,38,22,8,23,Standard,Monthly,1785,17,0
1215,53,Female,11,15,7,17,Basic,Quarterly,858,6,0
1216,21,Male,5,16,4,9,Standard,Annual,502,29,1
1217,36,Female,19,6,10,30,Premium,Annual,1600,11,1
1218,65,Male,36,5,10,27,Premium,Quarterly,3000,8,1
1219,51,Male,21,17,5,17,Basic,Quarterly,3603,19,0
1220,32,Male,13,9,8,18,Standard,Monthly,3176,26,1
1221,27,Female,2,29,2,8,Basic,Quarterly,957,24,0
1222,61,Female,50,17,3,2,Basic,Monthly,2098,21,1
1223,37,Male,9,14,6,16,Premium,Annual,871,14,1
1224,42,Female,30,24,4,26,Basic,Monthly,3941,16,1
1225,50,Female,28,6,7,13,Premium,Annual,2157,9,0
1226,28,Male,24,27,7,13,Standard,Monthly,3229,17,1
1227,41,Male,5,3,8,24,Premium,Quarterly,694,10,1
1228,37,Male,58,4,1,3,Standard,Quarterly,2840,25,0
1229,41,Male,26,4,10,1,Basic,Quarterly,3766,28,0
1230,44,Female,58,15,2,29,Basic,Monthly,1013,14,1
1231,65,Female,8,18,10,15,Standard,Annual,442,21,1
1232,57,Male,60,29,0,3,Premium,Annual,2013,20,0
1233,41,Male,37,26,2,14,Premium,Monthly,1766,8,1
1234,39,Female,4,15,9,7,Premium,Annual,598,16,1
1235,41,Male,7,19,9,14,Standard,Annual,125,8,1
1236,60,Female,33,26,6,17,Premium,Annual,2343,25,1
1237,36,Male,47,4,3,20,Standard,Monthly,4269,18,1
1238,51,Female,42,17,2,14,Basic,Quarterly,4458,9,0
1239,23,Female,8,1,5,11,Basic,Annual,922,27,0
1240,46,Female,52,18,3,27,Standard,Annual,4456,21,1
1241,50,Male,8,25,1,20,Standard,Quarterly,296,11,0
1242,49,Male,1,3,3,26,Standard,Quarterly,660,1,0
1243,48,Female,3,17,9,13,Standard,Monthly,587,12,1
1244,43,Male,27,30,4,3,Standard,Monthly,2437,15,1
1245,46,Female,55,24,9,3,Premium,Monthly,3337,25,1
1246,32,Male,37,3,6,10,Standard,Quarterly,1311,19,0
1247,36,Female,27,24,5,6,Premium,Monthly,4522,18,1
1248,57,Female,16,29,0,9,Standard,Annual,4791,8,0
1249,51,Female,44,1,2,15,Premium,Annual,1549,9,0
1250,45,Male,40,14,1,29,Basic,Annual,4875,3,1
1251,44,Male,53,5,5,9,Premium,Quarterly,1651,8,0
1252,61,Female,7,30,0,26,Premium,Quarterly,308,22,1
1253,39,Male,16,3,6,0,Standard,Annual,4914,6,1
1254,51,Male,55,18,5,9,Standard,Monthly,4637,23,0
1255,59,Male,47,6,9,23,Standard,Quarterly,1227,5,0
1256,25,Male,60,21,10,19,Basic,Monthly,3565,23,1
1257,49,Female,4,4,0,16,Basic,Monthly,488,20,0
1258,54,Male,59,22,7,2,Standard,Quarterly,2160,6,1
1259,61,Female,10,17,8,18,Standard,Annual,731,2,1
1260,23,Female,21,10,4,13,Standard,Annual,3660,10,0
1261,40,Female,30,7,4,15,Premium,Annual,1104,22,1
1262,19,Female,39,14,9,10,Premium,Annual,1239,30,0
1263,38,Female,30,11,8,21,Standard,Annual,3345,20,1
1264,62,Male,28,20,7,22,Basic,Annual,3411,17,1
1265,18,Female,37,11,10,12,Basic,Quarterly,1824,21,1
1266,63,Female,38,7,0,10,Basic,Quarterly,1324,30,1
1267,53,Female,19,14,4,30,Basic,Quarterly,1542,9,1
1268,41,Female,60,8,8,18,Standard,Annual,4222,16,1
1269,60,Female,10,2,4,3,Basic,Annual,637,17,0
1270,64,Female,57,3,1,8,Basic,Quarterly,4583,26,0
1271,23,Male,56,24,3,21,Standard,Quarterly,3082,26,1
1272,57,Female,35,12,2,11,Basic,Quarterly,3466,24,1
1273,61,Male,10,27,0,18,Premium,Quarterly,237,25,1
1274,20,Female,5,9,7,28,Basic,Annual,299,1,0
1275,40,Female,50,21,4,12,Basic,Annual,4948,15,0
1276,33,Female,21,14,9,13,Standard,Monthly,3118,29,1
1277,64,Male,37,3,3,3,Standard,Monthly,4917,26,1
1278,41,Male,7,4,10,15,Premium,Quarterly,373,27,1
1279,55,Male,7,26,9,28,Premium,Quarterly,984,26,1
1280,58,Male,56,3,3,24,Premium,Quarterly,4650,25,0
1281,55,Female,2,2,0,22,Standard,Annual,718,1,1
1282,36,Female,16,29,7,6,Basic,Monthly,2301,23,0
1283,39,Male,43,5,8,7,Standard,Annual,3833,18,1
1284,47,Female,53,16,9,10,Premium,Annual,2405,8,1
1285,54,Male,29,16,2,6,Premium,Annual,1147,13,0
1286,39,Female,19,12,9,9,Basic,Monthly,2678,23,1
1287,57,Female,39,5,5,16,Premium,Quarterly,4139,17,1
1288,33,Male,14,16,0,13,Standard,Monthly,2125,27,1
1289,37,Male,36,22,1,1,Standard,Annual,1273,25,0
1290,48,Female,20,2,9,27,Basic,Annual,2453,8,1
1291,54,Female,49,19,10,7,Basic,Monthly,1976,10,1
1292,46,Female,51,5,5,15,Basic,Monthly,2686,4,0
1293,62,Female,11,30,8,1,Premium,Monthly,421,26,1
1294,47,Male,34,4,6,17,Standard,Quarterly,1303,8,1
1295,24,Male,35,25,8,3,Standard,Monthly,3991,14,1
1296,29,Female,43,9,3,15,Basic,Annual,1332,23,0
1297,20,Female,54,4,6,22,Premium,Annual,3683,25,1
1298,41,Female,59,29,5,9,Premium,Monthly,4535,9,1
1299,32,Female,48,7,3,12,Premium,Annual,2484,15,0
1300,61,Female,57,7,10,26,Basic,Monthly,3141,7,1
1301,54,Male,55,20,2,15,Premium,Monthly,3151,4,1
1302,34,Male,47,26,5,16,Basic,Annual,3702,26,1
1303,61,Female,40,16,3,0,Standard,Annual,2183,21,0
1304,37,Female,49,3,3,13,Premium,Annual,3689,4,0
1305,51,Female,21,28,8,11,Premium,Monthly,4408,1,1
1306,62,Female,13,2,9,27,Basic,Monthly,4934,7,0
1307,64,Female,37,20,0,23,Basic,Annual,3988,6,1
1308,33,Female,53,12,2,21,Standard,Annual,1071,2,0
1309,27,Male,57,30,7,0,Basic,Monthly,3927,4,1
1310,25,Male,2,1,6,23,Standard,Quarterly,975,15,1
1311,59,Female,31,27,10,25,Premium,Quarterly,3601,28,0
1312,63,Female,34,8,1,25,Basic,Monthly,4565,10,0
1313,60,Male,60,18,10,7,Standard,Annual,4426,25,1
1314,19,Female,38,17,7,13,Standard,Quarterly,1788,19,1
1315,53,Male,45,28,3,16,Standard,Monthly,3331,18,1
1316,22,Female,13,2,10,2,Basic,Monthly,2559,17,1
1317,42,Female,17,5,7,6,Basic,Quarterly,3097,15,1
1318,47,Male,45,16,0,11,Premium,Quarterly,3913,11,0
1319,48,Female,33,16,7,3,Premium,Annual,4709,27,1
1320,61,Male,52,24,3,6,Standard,Monthly,4681,18,1
1321,41,Female,55,26,0,17,Basic,Annual,1387,3,1
1322,62,Female,45,25,5,21,Basic,Monthly,3408,22,0
1323,27,Male,26,28,1,24,Premium,Quarterly,3090,21,1
1324,35,Female,44,28,3,14,Basic,Quarterly,3549,25,1
1325,45,Male,2,13,6,6,Basic,Annual,861,6,0
1326,30,Female,59,28,8,17,Premium,Monthly,1610,10,1
1327,56,Female,29,18,10,0,Standard,Quarterly,4193,7,1
1328,61,Female,48,14,2,9,Premium,Monthly,4272,2,1
1329,25,Female,7,1,3,21,Premium,Annual,491,17,1
1330,63,Male,56,11,7,26,Standard,Monthly,4748,6,0
1331,36,Female,7,8,7,4,Premium,Monthly,141,23,1
1332,26,Female,40,27,10,29,Standard,Annual,3647,25,0
1333,60,Female,9,26,6,10,Basic,Quarterly,657,6,1
1334,19,Male,34,19,9,3,Standard,Annual,4108,28,0
1335,63,Female,60,15,10,2,Basic,Quarterly,1692,22,1
1336,38,Female,49,28,5,24,Basic,Annual,1106,22,1
1337,30,Male,25,9,10,8,Basic,Annual,2791,21,1
1338,45,Female,32,12,1,4,Standard,Monthly,4610,12,1
1339,42,Male,38,24,1,5,Standard,Annual,4264,18,0
1340,62,Male,53,19,4,27,Standard,Quarterly,2787,24,1
1341,34,Male,16,13,6,8,Basic,Annual,4539,13,1
1342,51,Female,59,26,1,19,Premium,Monthly,2209,3,0
1343,33,Female,6,3,0,15,Basic,Monthly,828,14,1
1344,47,Female,13,8,4,8,Standard,Annual,1070,29,0
1345,54,Female,37,7,7,13,Premium,Quarterly,4597,10,1
1346,26,Male,8,15,3,19,Standard,Monthly,222,19,1
1347,65,Male,15,9,9,3,Basic,Annual,3053,28,1
1348,42,Female,36,26,9,22,Premium,Monthly,3032,22,1
1349,53,Male,15,4,5,1,Basic,Quarterly,2107,19,0
1350,27,Female,26,23,3,20,Basic,Annual,2011,23,0
1351,51,Female,55,2,9,16,Premium,Annual,1229,17,1
1352,20,Male,21,24,6,11,Premium,Quarterly,3567,22,0
1353,38,Female,11,17,8,29,Basic,Quarterly,597,29,0
1354,57,Male,59,21,7,7,Standard,Quarterly,1910,30,1
1355,47,Male,42,1,7,17,Basic,Monthly,1724,21,0
1356,60,Female,55,29,1,15,Premium,Monthly,1659,7,1
1357,47,Female,58,20,1,26,Basic,Quarterly,2493,18,1
1358,50,Male,2,2,2,20,Premium,Annual,516,13,1
1359,61,Female,37,29,10,1,Basic,Annual,1239,20,0
1360,45,Male,11,4,4,27,Standard,Quarterly,384,19,0
1361,42,Female,8,1,7,14,Standard,Monthly,543,16,1
1362,60,Male,38,20,10,1,Basic,Annual,1949,30,1
1363,21,Male,13,13,7,21,Standard,Quarterly,2590,22,1
1364,27,Male,41,15,7,14,Premium,Annual,4911,14,0
1365,22,Female,11,5,5,9,Basic,Quarterly,624,21,0
1366,18,Male,50,18,3,29,Standard,Annual,2897,13,0
1367,22,Female,40,9,10,4,Premium,Annual,4379,3,1
1368,57,Male,14,29,4,11,Premium,Monthly,3663,21,1
1369,18,Male,24,20,8,20,Premium,Monthly,2634,26,1
1370,54,Female,4,19,0,24,Premium,Quarterly,771,20,1
1371,63,Female,7,4,7,19,Premium,Quarterly,633,7,1
1372,65,Female,46,8,2,29,Basic,Annual,1806,15,1
1373,64,Female,11,1,4,20,Basic,Monthly,837,10,0
1374,44,Male,58,6,4,28,Premium,Monthly,4489,24,1
1375,42,Male,15,11,6,10,Premium,Annual,1701,25,0
1376,24,Female,24,15,6,25,Premium,Quarterly,4882,3,1
1377,59,Male,16,20,5,29,Standard,Quarterly,2688,27,0
1378,62,Female,26,2,1,13,Standard,Annual,3691,22,0
1379,61,Male,55,5,10,23,Basic,Annual,2811,21,1
1380,26,Male,18,2,9,21,Premium,Annual,4143,16,1
1381,39,Male,52,5,8,2,Basic,Annual,3211,24,1
1382,28,Male,11,25,4,27,Basic,Quarterly,971,28,1
1383,25,Female,53,25,0,16,Standard,Monthly,2020,27,0
1384,27,Male,7,20,10,1,Standard,Quarterly,295,2,1
1385,38,Female,14,25,3,23,Basic,Quarterly,3532,14,1
1386,48,Female,21,15,7,4,Premium,Annual,3756,15,1
1387,46,Male,56,5,1,2,Standard,Quarterly,1128,27,0
1388,20,Male,41,22,4,4,Premium,Annual,2987,9,0
1389,22,Female,3,6,5,9,Premium,Annual,489,3,0
1390,63,Male,47,20,10,13,Standard,Monthly,3434,23,1
1391,26,Female,40,2,7,29,Basic,Monthly,2121,4,1
1392,48,Male,4,9,8,9,Basic,Monthly,340,6,1
1393,65,Female,58,21,6,25,Standard,Annual,3960,13,1
1394,24,Female,5,9,2,30,Standard,Monthly,895,2,1
1395,41,Female,40,25,1,22,Standard,Quarterly,2037,23,1
1396,65,Female,14,28,10,6,Basic,Annual,2297,21,1
1397,32,Male,26,24,4,23,Standard,Monthly,3176,29,1
1398,56,Female,58,28,5,14,Basic,Annual,2158,18,0
1399,26,Male,52,29,9,5,Premium,Monthly,3002,20,1
1400,25,Female,18,24,10,15,Standard,Annual,1304,26,0
1401,64,Female,8,7,9,2,Basic,Quarterly,201,4,1
1402,41,Male,35,13,5,20,Standard,Monthly,3312,10,1
1403,65,Female,44,15,1,15,Standard,Quarterly,3066,9,0
1404,47,Female,3,23,8,16,Basic,Quarterly,212,7,1
1405,45,Female,43,26,1,10,Basic,Annual,3374,16,0
1406,26,Female,30,11,5,27,Standard,Annual,1524,1,1
1407,21,Female,60,7,0,27,Standard,Quarterly,3425,25,1
1408,25,Male,29,7,1,19,Standard,Annual,3302,26,1
1409,44,Male,35,13,5,3,Premium,Monthly,3393,8,0
1410,58,Male,20,10,10,1,Standard,Quarterly,1031,11,1
1411,61,Female,48,26,10,4,Premium,Annual,2328,2,0
1412,20,Female,19,17,7,30,Standard,Annual,2876,4,0
1413,52,Female,54,18,10,3,Standard,Annual,2258,20,1
1414,41,Female,34,12,4,14,Basic,Annual,3435,23,0
1415,47,Male,16,20,7,26,Standard,Annual,4951,17,1
1416,22,Male,56,29,5,27,Basic,Quarterly,3032,15,0
1417,50,Male,33,6,5,26,Basic,Annual,2028,1,1
1418,55,Female,57,3,9,7,Standard,Monthly,1861,26,1
1419,23,Male,36,14,10,7,Standard,Monthly,1180,21,1
1420,53,Female,28,21,5,30,Basic,Monthly,1455,4,1
1421,42,Female,48,15,9,15,Standard,Monthly,4848,30,1
1422,60,Male,53,19,7,10,Standard,Quarterly,2274,29,1
1423,52,Male,32,8,7,22,Basic,Monthly,4382,20,1
1424,63,Female,3,23,2,20,Basic,Quarterly,225,7,1
1425,39,Female,33,14,3,16,Standard,Quarterly,3756,5,1
1426,38,Female,8,2,7,18,Premium,Quarterly,267,14,0
1427,22,Male,35,13,7,2,Standard,Annual,1899,21,1
1428,20,Male,23,18,0,20,Basic,Monthly,1964,22,0
1429,27,Female,36,1,7,7,Basic,Monthly,2189,26,1
1430,58,Male,22,30,3,27,Premium,Annual,2445,15,1
1431,41,Male,7,4,5,16,Basic,Quarterly,949,6,0
1432,56,Male,3,27,9,18,Premium,Quarterly,184,16,0
1433,44,Female,60,30,8,2,Basic,Monthly,3187,17,1
1434,53,Female,35,15,4,7,Premium,Annual,4676,17,0
1435,32,Male,12,20,6,7,Basic,Quarterly,4598,21,0
1436,44,Female,55,6,8,1,Premium,Monthly,2979,13,1
1437,24,Female,55,29,0,12,Premium,Annual,3871,22,1
1438,44,Female,30,5,10,27,Standard,Quarterly,4932,15,0
1439,38,Female,21,20,5,30,Basic,Quarterly,3248,28,1
1440,53,Female,15,25,4,16,Basic,Monthly,2380,25,1
1441,25,Male,43,20,4,2,Basic,Quarterly,2689,1,1
1442,31,Female,10,26,0,20,Basic,Quarterly,297,16,1
1443,40,Male,52,20,0,13,Standard,Annual,1403,25,0
1444,23,Female,6,8,0,13,Standard,Annual,122,13,0
1445,41,Male,16,27,7,8,Basic,Annual,4666,18,0
1446,60,Male,3,7,1,26,Standard,Annual,825,25,1
1447,28,Male,34,15,7,17,Standard,Quarterly,3155,6,1
1448,18,Female,32,7,8,19,Basic,Monthly,1160,27,0
1449,51,Male,26,23,2,1,Standard,Annual,1019,21,0
1450,62,Male,51,18,4,6,Basic,Quarterly,3132,15,0
1451,45,Female,27,16,2,4,Basic,Quarterly,2401,27,0
1452,32,Female,45,23,4,17,Basic,Monthly,2749,6,1
1453,43,Male,19,21,0,27,Premium,Quarterly,3490,8,1
1454,33,Male,39,1,0,9,Premium,Quarterly,4859,22,0
1455,22,Female,9,9,7,16,Standard,Annual,302,21,1
1456,19,Female,39,3,6,16,Basic,Monthly,1470,27,1
1457,27,Female,16,11,3,29,Premium,Monthly,4972,18,1
1458,45,Male,20,4,2,1,Standard,Quarterly,3919,22,0
1459,49,Male,8,27,7,10,Basic,Annual,653,22,0
1460,18,Female,42,29,1,11,Standard,Annual,1588,25,0
1461,38,Female,18,14,9,27,Premium,Quarterly,1835,17,1
1462,56,Female,50,11,2,16,Basic,Monthly,3366,18,1
1463,33,Male,56,21,3,15,Premium,Monthly,3082,24,1
1464,37,Female,32,30,1,1,Standard,Annual,4386,4,0
1465,39,Male,30,3,3,6,Standard,Quarterly,4104,4,0
1466,25,Female,6,14,6,14,Basic,Quarterly,152,6,1
1467,28,Male,27,11,4,13,Basic,Quarterly,4966,3,0
1468,52,Female,40,6,2,6,Standard,Quarterly,3576,23,0
1469,49,Male,25,25,7,24,Basic,Annual,3052,10,1
1470,53,Female,39,19,7,10,Basic,Quarterly,4632,14,0
1471,20,Male,41,11,5,19,Premium,Monthly,2939,27,1
1472,34,Male,35,20,3,9,Standard,Annual,1009,28,0
1473,52,Female,29,4,3,26,Standard,Annual,2787,7,0
1474,22,Female,58,1,7,25,Premium,Annual,3576,14,1
1475,35,Female,45,30,4,22,Premium,Annual,3136,18,1
1476,47,Female,10,14,3,27,Premium,Annual,754,16,1
1477,62,Female,44,8,9,2,Premium,Annual,2683,18,1
1478,62,Female,28,7,2,3,Standard,Annual,1060,30,0
1479,41,Male,51,7,4,23,Standard,Quarterly,3421,16,0
1480,52,Female,30,20,6,10,Premium,Annual,3520,25,1
1481,57,Male,28,20,8,17,Standard,Quarterly,4054,21,0
1482,30,Female,20,15,6,22,Premium,Quarterly,3512,6,1
1483,64,Female,11,30,1,25,Standard,Monthly,346,12,0
1484,27,Male,22,26,4,18,Premium,Quarterly,1429,11,1
1485,58,Male,5,23,1,22,Premium,Monthly,768,8,1
1486,42,Female,58,16,4,21,Premium,Monthly,4750,4,1
1487,53,Female,43,4,0,12,Basic,Annual,4960,11,0
1488,51,Female,56,7,3,26,Standard,Monthly,2172,25,0
1489,57,Male,13,5,0,27,Premium,Quarterly,1115,23,1
1490,23,Female,39,3,5,21,Standard,Monthly,2752,8,1
1491,29,Male,39,1,6,11,Premium,Quarterly,4758,1,1
1492,50,Female,24,16,9,0,Standard,Annual,1094,1,0
1493,22,Male,57,11,6,1,Standard,Annual,2980,19,1
1494,36,Female,39,28,10,27,Standard,Monthly,3344,30,1
1495,53,Male,50,20,6,23,Basic,Quarterly,1421,23,1
1496,60,Male,17,7,1,24,Premium,Annual,4413,7,1
1497,30,Female,53,8,9,0,Basic,Annual,3270,21,0
1498,22,Female,24,13,3,5,Premium,Quarterly,1088,27,0
1499,54,Female,48,17,1,0,Basic,Annual,1880,18,1
1500,49,Male,53,23,6,8,Standard,Annual,3608,20,0
1501,29,Male,21,21,8,16,Basic,Monthly,3437,29,1
1502,32,Female,9,26,8,22,Standard,Quarterly,658,28,1
1503,62,Female,60,8,7,30,Premium,Monthly,1858,15,1
1504,53,Female,43,18,10,8,Basic,Quarterly,3391,18,1
1505,61,Male,24,17,0,1,Premium,Monthly,1844,5,1
1506,27,Male,5,14,0,20,Premium,Annual,636,14,1
1507,65,Male,27,20,8,9,Standard,Monthly,4624,23,1
1508,54,Male,26,6,3,30,Premium,Quarterly,3281,27,1
1509,45,Female,44,5,3,16,Standard,Quarterly,1710,26,1
1510,62,Male,31,21,0,8,Basic,Quarterly,3127,6,0
1511,22,Female,19,29,1,27,Premium,Monthly,1601,2,1
1512,39,Female,23,7,6,0,Premium,Quarterly,4142,28,1
1513,19,Male,34,13,4,5,Standard,Quarterly,1112,26,0
1514,44,Male,33,4,4,2,Basic,Monthly,1900,9,1
1515,54,Male,19,21,5,15,Basic,Monthly,1098,28,0
1516,38,Male,10,24,7,4,Premium,Quarterly,682,7,0
1517,32,Female,45,14,0,18,Premium,Annual,3678,26,0
1518,18,Male,40,9,0,10,Standard,Annual,4047,29,0
1519,19,Female,3,9,5,16,Premium,Annual,997,2,1
1520,47,Female,44,16,6,4,Basic,Annual,3339,19,0
1521,43,Male,53,14,2,11,Standard,Quarterly,2128,2,1
1522,35,Male,18,7,5,15,Premium,Annual,2629,25,1
1523,39,Female,38,4,9,19,Standard,Annual,3593,4,0
1524,56,Male,47,6,0,4,Standard,Monthly,2023,13,1
1525,58,Male,40,13,6,10,Premium,Quarterly,1488,10,1
1526,26,Female,49,19,7,12,Standard,Monthly,3996,18,1
1527,56,Female,36,23,2,18,Basic,Quarterly,1489,24,0
1528,46,Female,6,14,8,17,Standard,Monthly,658,14,1
1529,65,Male,10,10,8,24,Standard,Annual,708,30,1
1530,65,Male,53,2,10,22,Basic,Monthly,3392,2,1
1531,38,Female,41,24,8,28,Standard,Quarterly,4574,26,1
1532,35,Male,35,22,9,26,Basic,Annual,3974,6,1
1533,60,Female,14,29,0,18,Standard,Monthly,3772,17,1
1534,43,Female,1,17,3,24,Premium,Quarterly,836,8,0
1535,54,Female,17,27,1,22,Premium,Quarterly,3296,12,1
1536,36,Female,43,11,0,27,Standard,Monthly,3072,19,1
1537,38,Male,51,27,4,17,Standard,Quarterly,4126,27,1
1538,49,Female,26,13,2,15,Premium,Annual,2753,10,0
1539,65,Female,47,27,7,23,Premium,Monthly,3795,9,1
1540,58,Female,31,23,0,14,Basic,Quarterly,1236,20,0
1541,23,Female,52,26,9,28,Premium,Annual,2217,2,1
1542,19,Male,3,2,10,1,Basic,Monthly,310,1,1
1543,19,Female,53,21,1,27,Standard,Annual,2934,18,1
1544,50,Male,29,19,4,21,Standard,Quarterly,1800,18,1
1545,31,Female,22,29,6,4,Basic,Annual,4282,4,0
1546,25,Male,16,30,2,3,Standard,Annual,1871,17,0
1547,19,Male,42,10,4,16,Premium,Annual,2450,13,1
1548,64,Female,19,13,10,29,Standard,Monthly,2308,20,1
1549,32,Male,59,4,4,28,Basic,Quarterly,2928,5,0
1550,55,Female,32,19,2,9,Standard,Quarterly,2161,15,0
1551,53,Male,45,6,6,14,Standard,Monthly,2719,8,1
1552,49,Female,31,15,7,6,Basic,Quarterly,4150,17,1
1553,54,Female,10,18,3,20,Premium,Quarterly,453,17,1
1554,35,Male,43,4,8,23,Premium,Quarterly,3146,7,1
1555,64,Male,35,1,7,28,Premium,Annual,2697,20,0
1556,32,Female,9,20,3,26,Basic,Annual,899,8,1
1557,37,Male,43,29,3,9,Premium,Quarterly,1467,9,0
1558,37,Female,18,4,4,22,Standard,Annual,2570,19,1
1559,53,Male,17,18,6,16,Premium,Monthly,4403,20,1
1560,38,Female,41,12,6,11,Basic,Quarterly,3797,20,1
1561,39,Male,26,23,4,17,Premium,Quarterly,1477,30,1
1562,28,Female,13,25,10,2,Premium,Annual,1256,1,1
1563,56,Male,52,18,0,12,Premium,Annual,3067,30,0
1564,18,Female,47,29,6,5,Basic,Quarterly,2624,23,1
1565,33,Male,53,12,1,14,Basic,Quarterly,1724,9,0
1566,34,Male,53,10,3,4,Standard,Quarterly,4347,10,0
1567,61,Female,15,9,6,27,Premium,Monthly,2808,15,1
1568,56,Female,9,30,9,0,Standard,Quarterly,580,10,1
1569,24,Female,15,3,1,20,Basic,Monthly,2528,28,1
1570,56,Female,32,19,10,11,Premium,Quarterly,1850,21,0
1571,57,Female,2,4,1,3,Basic,Quarterly,195,5,0
1572,29,Male,22,26,10,2,Standard,Quarterly,3922,26,0
1573,57,Female,9,25,1,1,Basic,Monthly,856,27,1
1574,30,Female,40,19,9,23,Standard,Quarterly,2055,17,1
1575,42,Male,33,15,8,25,Standard,Monthly,3808,20,0
1576,26,Male,6,6,10,21,Premium,Quarterly,657,24,1
1577,29,Male,56,18,3,15,Premium,Quarterly,2496,21,0
1578,63,Female,40,25,5,5,Standard,Monthly,1755,11,1
1579,43,Female,56,16,2,24,Premium,Annual,3461,3,0
1580,27,Male,24,30,3,11,Premium,Annual,2439,17,0
1581,30,Female,28,21,4,10,Standard,Monthly,4429,21,1
1582,40,Female,33,25,10,16,Basic,Monthly,4360,2,1
1583,55,Female,24,16,4,3,Premium,Quarterly,4545,30,0
1584,51,Male,55,6,8,17,Premium,Annual,4374,16,1
1585,49,Female,25,19,3,30,Basic,Monthly,4064,18,0
1586,31,Female,41,30,9,15,Premium,Quarterly,4978,17,1
1587,26,Male,20,25,7,7,Basic,Annual,4411,14,0
1588,44,Female,2,2,8,19,Basic,Monthly,288,16,1
1589,21,Female,30,12,2,4,Premium,Monthly,4846,5,1
1590,33,Female,28,7,0,27,Premium,Annual,4971,28,1
1591,57,Female,15,7,1,25,Standard,Annual,4363,4,1
1592,27,Female,45,24,3,3,Premium,Monthly,4571,24,1
1593,61,Female,6,12,9,14,Premium,Annual,328,30,1
1594,44,Male,44,12,1,23,Basic,Monthly,1767,29,1
1595,24,Male,28,24,10,14,Standard,Quarterly,4154,19,1
1596,46,Male,46,20,4,10,Basic,Quarterly,4611,1,0
1597,63,Male,45,23,4,8,Basic,Quarterly,2053,5,1
1598,42,Male,23,28,10,19,Premium,Annual,1666,23,1
1599,42,Female,34,21,6,30,Standard,Quarterly,3249,2,1
1600,51,Female,7,15,4,21,Standard,Quarterly,823,9,1
1601,49,Male,25,22,4,12,Basic,Annual,1304,20,0
1602,27,Male,36,4,2,27,Basic,Quarterly,4014,19,1
1603,62,Female,35,12,3,17,Basic,Quarterly,2129,27,1
1604,56,Male,5,29,4,17,Standard,Annual,248,17,0
1605,22,Female,13,5,10,5,Basic,Quarterly,4923,1,1
1606,51,Male,4,24,6,20,Premium,Annual,100,9,1
1607,40,Male,37,11,10,22,Premium,Annual,2763,15,1
1608,25,Male,13,3,8,28,Premium,Quarterly,3762,1,0
1609,31,Female,17,26,8,3,Standard,Quarterly,4854,24,1
1610,29,Male,35,26,7,0,Premium,Annual,1706,22,1
1611,62,Female,38,25,4,4,Basic,Annual,2501,29,0
1612,60,Male,29,22,0,24,Standard,Quarterly,3725,8,0
1613,63,Male,7,8,3,12,Standard,Quarterly,115,30,0
1614,45,Female,38,2,10,5,Premium,Annual,2827,8,1
1615,27,Male,59,10,0,21,Standard,Quarterly,3231,6,1
1616,46,Female,9,27,1,4,Basic,Annual,459,5,0
1617,62,Male,40,5,3,12,Premium,Annual,3167,10,0
1618,20,Male,36,28,1,29,Standard,Quarterly,3613,27,0
1619,27,Male,47,26,3,25,Premium,Annual,1781,6,1
1620,28,Female,24,28,2,11,Basic,Monthly,4521,30,1
1621,40,Female,13,19,2,24,Standard,Quarterly,1518,2,0
1622,39,Female,20,11,4,21,Basic,Monthly,3819,24,1
1623,20,Male,60,29,2,2,Basic,Monthly,2582,12,1
1624,19,Male,16,13,8,15,Premium,Monthly,3550,11,1
1625,18,Male,23,17,2,24,Basic,Annual,3633,5,1
1626,39,Male,47,14,7,9,Standard,Annual,2065,20,0
1627,28,Female,54,24,2,15,Standard,Annual,4496,15,1
1628,57,Male,54,28,8,8,Basic,Annual,2175,28,1
1629,33,Male,10,26,7,10,Standard,Annual,843,19,0
1630,20,Female,4,15,9,16,Basic,Monthly,940,15,1
1631,26,Male,14,29,1,12,Premium,Monthly,4760,5,1
1632,48,Male,45,28,6,17,Basic,Annual,1058,1,0
1633,48,Female,49,27,3,23,Standard,Monthly,4315,14,0
1634,32,Male,19,15,4,22,Premium,Annual,1378,13,0
1635,58,Female,7,3,9,12,Premium,Annual,612,15,1
1636,23,Male,19,20,5,7,Basic,Monthly,4973,12,1
1637,59,Male,16,22,6,2,Basic,Annual,2363,18,1
1638,37,Female,2,2,3,2,Standard,Quarterly,859,11,0
1639,43,Female,28,15,8,13,Premium,Annual,2791,12,1
1640,39,Female,33,2,4,0,Premium,Monthly,4212,11,1
1641,40,Male,38,14,6,28,Premium,Quarterly,2891,2,1
1642,20,Male,2,13,6,5,Premium,Annual,686,19,1
1643,36,Male,50,15,10,5,Standard,Quarterly,3097,12,0
1644,34,Female,42,13,0,1,Basic,Quarterly,1871,3,0
1645,59,Male,25,1,9,6,Basic,Quarterly,3497,5,0
1646,42,Female,57,26,8,29,Basic,Monthly,2094,9,1
1647,56,Male,26,4,1,7,Basic,Quarterly,3576,4,0
1648,48,Male,2,19,7,22,Basic,Annual,957,7,1
1649,54,Female,45,1,10,7,Premium,Quarterly,2570,17,1
1650,41,Male,53,6,3,13,Basic,Quarterly,4742,5,0
1651,47,Male,2,23,1,24,Premium,Monthly,602,18,1
1652,19,Male,22,18,8,18,Premium,Quarterly,1711,21,0
1653,53,Male,6,20,2,30,Basic,Quarterly,271,1,1
1654,29,Female,33,20,7,27,Standard,Quarterly,2799,1,1
1655,22,Male,25,13,3,0,Basic,Monthly,4430,11,1
1656,51,Male,37,14,4,7,Premium,Monthly,1887,9,1
1657,28,Male,56,25,6,22,Standard,Monthly,4775,24,1
1658,18,Male,53,4,9,26,Basic,Annual,2439,24,1
1659,47,Male,1,1,2,2,Basic,Annual,857,1,0
1660,19,Male,4,20,8,7,Basic,Monthly,344,29,1
1661,25,Female,55,3,10,25,Standard,Quarterly,1809,18,1
1662,62,Female,33,23,7,22,Basic,Quarterly,1176,18,0
1663,61,Male,18,29,8,17,Basic,Annual,4606,7,0
1664,52,Female,7,8,0,14,Basic,Quarterly,491,11,1
1665,34,Male,16,6,5,0,Basic,Quarterly,1261,13,0
1666,49,Female,6,24,4,27,Standard,Quarterly,962,15,1
1667,39,Male,29,1,8,12,Premium,Annual,4459,21,1
1668,49,Male,8,14,2,18,Basic,Monthly,740,25,0
1669,33,Female,53,27,2,13,Premium,Quarterly,3517,16,0
1670,26,Female,38,1,2,0,Premium,Annual,3505,19,0
1671,42,Male,46,22,9,11,Basic,Quarterly,1352,18,1
1672,54,Female,38,7,9,24,Basic,Annual,3613,28,0
1673,31,Male,47,11,1,18,Basic,Quarterly,1874,10,1
1674,55,Male,7,6,5,12,Standard,Annual,873,25,0
1675,50,Female,51,6,4,19,Basic,Annual,2290,19,1
1676,27,Male,39,26,5,30,Basic,Annual,3206,28,1
1677,62,Male,36,7,9,11,Premium,Annual,1273,22,1
1678,57,Male,10,21,3,26,Premium,Monthly,667,7,1
1679,32,Male,54,19,2,14,Standard,Annual,2290,23,0
1680,48,Male,50,28,8,25,Premium,Monthly,2440,28,1
1681,31,Male,56,21,6,16,Premium,Monthly,2734,9,1
1682,25,Male,39,5,5,2,Premium,Annual,1612,2,0
1683,19,Female,18,2,5,11,Basic,Annual,3882,20,1
1684,31,Female,18,18,9,7,Premium,Quarterly,1398,9,1
1685,43,Male,10,27,0,26,Premium,Monthly,480,20,1
1686,62,Male,12,12,10,23,Standard,Quarterly,2115,24,1
1687,33,Female,1,10,3,2,Premium,Monthly,742,23,0
1688,27,Male,18,9,10,3,Standard,Quarterly,2218,10,1
1689,18,Male,10,14,4,12,Standard,Monthly,720,22,1
1690,40,Female,57,8,1,4,Standard,Monthly,1084,25,1
1691,57,Female,13,27,4,18,Basic,Annual,2886,23,1
1692,45,Female,45,18,5,10,Standard,Quarterly,2433,25,0
1693,30,Male,45,2,5,0,Standard,Quarterly,4734,29,0
1694,57,Male,35,22,9,23,Premium,Quarterly,2427,11,1
1695,57,Male,30,16,5,30,Premium,Annual,3810,30,1
1696,55,Male,12,25,10,3,Premium,Quarterly,3933,19,0
1697,44,Female,30,21,5,23,Premium,Quarterly,2663,18,1
1698,43,Male,12,16,2,26,Standard,Annual,2674,3,1
1699,38,Male,51,1,9,18,Standard,Annual,2814,13,1
1700,24,Female,35,13,1,11,Standard,Quarterly,2700,15,1
1701,48,Male,1,4,1,12,Premium,Monthly,157,21,1
1702,27,Male,23,22,1,21,Standard,Annual,1422,15,0
1703,58,Male,32,10,6,26,Basic,Monthly,1425,28,0
1704,28,Female,3,24,6,10,Basic,Quarterly,542,12,1
1705,33,Male,33,3,4,13,Basic,Monthly,2991,23,0
1706,22,Female,58,28,1,23,Standard,Quarterly,4329,22,1
1707,24,Female,29,26,8,29,Standard,Annual,4803,24,1
1708,37,Female,56,7,0,1,Premium,Annual,1942,22,1
1709,27,Female,12,12,8,14,Premium,Quarterly,1545,19,0
1710,55,Male,54,27,5,15,Premium,Monthly,1289,15,1
1711,19,Female,51,2,7,27,Standard,Annual,2345,5,1
1712,60,Male,42,18,0,26,Standard,Quarterly,1791,24,1
1713,60,Female,49,12,0,21,Premium,Annual,3572,2,1
1714,47,Female,41,28,2,9,Standard,Annual,3799,15,0
1715,62,Female,8,20,1,22,Premium,Quarterly,143,17,0
1716,48,Female,4,1,9,5,Basic,Annual,985,16,1
1717,23,Female,18,7,0,27,Basic,Quarterly,2624,7,0
1718,55,Female,31,14,2,20,Premium,Annual,1072,13,1
1719,19,Male,20,5,6,6,Basic,Monthly,4897,4,1
1720,55,Female,41,10,1,8,Basic,Annual,1795,23,0
1721,53,Male,37,24,5,21,Premium,Monthly,3596,2,1
1722,45,Male,49,5,5,12,Standard,Quarterly,1965,20,0
1723,30,Female,39,25,6,30,Standard,Monthly,2261,24,1
1724,42,Female,52,22,6,21,Premium,Quarterly,3237,24,0
1725,25,Female,41,17,1,22,Standard,Monthly,4687,23,1
1726,47,Male,34,26,9,6,Basic,Annual,3178,29,1
1727,58,Female,16,3,6,14,Premium,Quarterly,2261,9,1
1728,60,Male,7,17,5,0,Premium,Quarterly,843,9,0
1729,20,Male,49,17,9,12,Standard,Annual,3612,8,1
1730,47,Female,16,11,4,18,Premium,Annual,1074,7,1
1731,34,Male,5,19,4,24,Premium,Quarterly,847,2,1
1732,37,Female,35,21,1,21,Basic,Annual,1814,8,1
1733,30,Female,48,9,0,2,Premium,Annual,2209,20,0
1734,53,Male,4,8,1,13,Premium,Annual,755,11,0
1735,47,Female,28,25,3,15,Premium,Monthly,4255,7,1
1736,62,Female,42,1,2,22,Basic,Monthly,4251,1,1
1737,59,Female,14,21,10,14,Premium,Monthly,3313,15,1
1738,38,Male,49,20,7,22,Premium,Monthly,4416,22,1
1739,19,Female,47,14,8,15,Basic,Annual,2306,7,1
1740,22,Female,31,2,1,6,Basic,Monthly,4946,11,1
1741,62,Female,51,27,10,5,Premium,Annual,4112,25,1
1742,44,Female,25,4,8,6,Standard,Annual,4125,4,1
1743,65,Male,35,12,8,26,Basic,Annual,2382,16,0
1744,60,Female,6,2,2,2,Premium,Annual,912,25,0
1745,61,Male,57,27,9,0,Basic,Quarterly,3036,5,1
1746,62,Male,39,21,4,21,Standard,Annual,4493,22,1
1747,63,Female,26,2,7,14,Standard,Annual,4593,11,1
1748,50,Female,41,15,3,29,Basic,Monthly,4904,10,1
1749,38,Male,8,17,3,23,Standard,Monthly,143,19,1
1750,25,Male,28,3,5,6,Basic,Quarterly,2652,9,0
1751,28,Female,31,1,8,9,Standard,Monthly,2750,22,1
1752,62,Male,35,4,3,14,Basic,Annual,3830,27,0
1753,18,Male,52,2,1,12,Standard,Monthly,3466,21,1
1754,47,Female,15,19,9,17,Standard,Quarterly,4785,27,0
1755,19,Female,41,5,6,28,Standard,Annual,3594,6,1
1756,55,Female,54,26,3,6,Standard,Annual,1126,12,1
1757,34,Female,35,10,8,8,Standard,Quarterly,3202,11,1
1758,42,Female,52,14,6,7,Premium,Quarterly,4493,30,1
1759,48,Female,26,22,3,27,Basic,Quarterly,1048,29,1
1760,62,Female,41,23,5,3,Basic,Quarterly,2133,5,0
1761,31,Male,27,24,4,8,Premium,Monthly,3071,9,1
1762,31,Female,36,27,4,17,Premium,Quarterly,2698,5,0
1763,47,Female,35,22,5,20,Premium,Annual,4767,16,1
1764,59,Male,58,19,8,12,Basic,Quarterly,2109,28,0
1765,56,Male,25,6,8,19,Standard,Annual,2384,2,0
1766,56,Female,22,22,6,15,Premium,Quarterly,1089,7,1
1767,39,Male,37,16,5,28,Premium,Quarterly,2535,22,1
1768,27,Male,16,7,5,18,Basic,Quarterly,2568,10,1
1769,29,Female,32,6,5,9,Standard,Annual,2258,30,0
1770,40,Female,15,12,5,24,Basic,Quarterly,3861,10,1
1771,24,Male,39,11,2,24,Basic,Annual,1872,8,1
1772,61,Female,39,17,9,17,Basic,Quarterly,2573,17,1
1773,43,Female,58,3,1,28,Basic,Annual,3729,20,1
1774,56,Male,27,20,6,29,Premium,Monthly,2485,20,1
1775,64,Female,19,1,4,20,Standard,Monthly,1773,5,1
1776,33,Female,28,16,4,1,Standard,Annual,2645,9,0
1777,59,Male,31,7,7,4,Basic,Annual,1880,29,0
1778,43,Female,21,2,0,22,Premium,Annual,2190,11,1
1779,44,Male,54,19,3,4,Standard,Annual,1189,13,0
1780,48,Male,28,3,3,22,Premium,Annual,3233,13,1
1781,36,Female,44,10,5,11,Standard,Quarterly,2821,12,0
1782,30,Male,26,24,8,12,Premium,Annual,2129,29,0
1783,55,Male,46,4,1,7,Basic,Quarterly,3582,21,0
1784,60,Female,55,26,9,4,Basic,Annual,3286,12,1
1785,59,Female,20,10,10,12,Standard,Monthly,4404,29,0
1786,47,Male,19,30,0,23,Basic,Monthly,2496,11,1
1787,39,Male,30,3,9,5,Basic,Monthly,3168,4,1
1788,29,Female,20,22,8,2,Basic,Monthly,2963,7,1
1789,62,Female,24,22,10,21,Premium,Quarterly,1518,12,1
1790,18,Female,57,21,9,16,Standard,Annual,4698,10,1
1791,40,Female,52,17,1,4,Basic,Monthly,3964,4,1
1792,48,Male,39,14,4,13,Premium,Quarterly,2546,26,0
1793,38,Female,59,14,5,29,Basic,Quarterly,4657,20,1
1794,32,Female,43,12,1,21,Premium,Quarterly,3519,15,0
1795,24,Female,16,22,4,18,Basic,Annual,1767,18,1
1796,31,Female,8,6,6,9,Basic,Monthly,497,7,1
1797,40,Female,50,11,6,7,Basic,Annual,4163,28,0
1798,35,Male,20,25,5,5,Basic,Monthly,3049,30,1
1799,47,Female,7,13,10,24,Basic,Annual,331,17,1
1800,30,Female,10,28,10,2,Basic,Monthly,367,3,1
1801,31,Male,51,17,6,29,Premium,Monthly,3337,12,1
1802,29,Female,44,7,4,26,Basic,Quarterly,1036,8,1
1803,49,Male,22,16,9,24,Premium,Monthly,4897,2,1
1804,39,Male,53,25,1,28,Standard,Quarterly,1094,8,1
1805,57,Female,54,26,2,2,Standard,Annual,3871,4,1
1806,39,Male,51,30,8,27,Basic,Quarterly,1823,25,1
1807,24,Female,55,14,9,2,Basic,Annual,4825,15,1
1808,42,Female,31,21,10,17,Basic,Monthly,1208,7,1
1809,38,Male,31,9,5,29,Basic,Annual,4153,26,1
1810,22,Female,43,9,7,6,Premium,Quarterly,1190,13,1
1811,21,Male,57,29,8,26,Standard,Monthly,2610,3,0
1812,31,Female,39,28,5,17,Standard,Annual,4502,29,1
1813,63,Female,51,22,4,30,Premium,Annual,3789,24,1
1814,48,Female,25,4,1,15,Premium,Annual,1839,27,0
1815,51,Male,59,2,9,8,Basic,Monthly,4619,4,1
1816,19,Male,28,22,7,27,Basic,Annual,4542,14,1
1817,58,Male,22,24,5,10,Basic,Monthly,4691,21,1
1818,19,Male,17,4,1,13,Premium,Monthly,1211,11,1
1819,34,Female,19,20,3,0,Premium,Quarterly,2738,26,0
1820,60,Female,49,10,4,30,Premium,Monthly,4249,18,1
1821,60,Male,40,4,6,3,Standard,Annual,4064,11,1
1822,47,Male,4,30,5,28,Premium,Monthly,320,13,1
1823,23,Male,32,28,9,20,Basic,Monthly,3008,24,1
1824,24,Female,47,11,8,24,Basic,Annual,3994,20,1
1825,23,Male,34,27,6,17,Standard,Annual,2183,25,1
1826,39,Female,28,10,2,19,Premium,Quarterly,4312,6,1
1827,50,Male,10,26,3,13,Basic,Annual,122,25,0
1828,21,Female,23,28,9,21,Premium,Monthly,2044,20,0
1829,65,Female,46,7,0,1,Basic,Annual,3436,8,0
1830,43,Male,22,27,9,25,Basic,Annual,3118,12,1
1831,46,Female,57,18,10,3,Premium,Monthly,3500,20,1
1832,28,Female,10,13,7,21,Basic,Annual,805,6,1
1833,20,Male,9,13,5,17,Basic,Quarterly,719,27,0
1834,36,Male,58,19,2,22,Basic,Quarterly,2973,9,1
1835,60,Male,43,23,0,3,Basic,Annual,4696,30,0
1836,47,Female,14,25,10,25,Standard,Annual,1576,11,1
1837,38,Female,20,27,2,19,Premium,Monthly,4581,4,1
1838,43,Female,2,30,0,9,Standard,Quarterly,528,29,0
1839,65,Male,45,15,2,25,Standard,Annual,1352,14,1
1840,24,Male,24,23,6,27,Standard,Monthly,2919,9,1
1841,32,Female,14,23,8,5,Premium,Quarterly,3040,25,0
1842,31,Female,13,22,4,20,Basic,Quarterly,4380,11,1
1843,44,Female,27,11,8,26,Premium,Monthly,3337,12,1
1844,58,Female,49,18,2,12,Standard,Annual,3716,8,0
1845,59,Male,53,27,4,7,Premium,Monthly,2109,14,1
1846,31,Female,33,18,1,23,Standard,Quarterly,3675,11,1
1847,44,Male,50,1,10,17,Standard,Monthly,2414,6,1
1848,32,Female,6,29,10,9,Premium,Quarterly,266,9,0
1849,20,Male,7,9,5,21,Standard,Annual,547,13,1
1850,21,Male,60,23,2,24,Basic,Quarterly,3204,24,1
1851,44,Female,47,14,5,10,Standard,Quarterly,2386,20,0
1852,45,Female,5,28,2,16,Premium,Quarterly,748,16,0
1853,52,Male,46,13,1,30,Standard,Quarterly,3814,10,1
1854,46,Female,1,1,6,14,Premium,Annual,447,6,1
1855,63,Male,37,1,7,27,Basic,Monthly,3357,11,1
1856,37,Female,32,19,8,19,Basic,Monthly,3348,22,1
1857,24,Male,7,15,0,24,Basic,Monthly,819,7,1
1858,62,Male,35,3,8,19,Basic,Annual,1251,15,1
1859,52,Female,34,14,2,10,Premium,Monthly,4140,29,0
1860,24,Female,48,17,10,25,Standard,Annual,1944,18,1
1861,56,Female,11,20,9,7,Premium,Quarterly,518,14,1
1862,38,Female,24,12,7,5,Basic,Quarterly,3967,11,1
1863,55,Male,17,8,10,24,Standard,Monthly,1734,12,1
1864,62,Female,21,1,7,11,Premium,Annual,2482,26,1
1865,36,Female,49,25,10,8,Premium,Quarterly,4296,22,0
1866,25,Male,44,12,9,17,Premium,Monthly,1080,8,1
1867,37,Female,53,4,7,4,Premium,Monthly,2023,16,1
1868,30,Female,1,17,0,17,Standard,Annual,534,25,1
1869,23,Female,24,16,1,3,Standard,Monthly,2969,10,1
1870,19,Male,50,15,7,22,Basic,Quarterly,4307,28,1
1871,30,Female,51,12,0,19,Premium,Annual,2030,27,1
1872,18,Female,46,1,1,3,Premium,Annual,1541,12,0
1873,37,Female,57,3,2,17,Basic,Annual,2360,9,1
1874,22,Male,60,23,1,27,Basic,Annual,2211,25,1
1875,52,Male,9,28,2,19,Premium,Annual,103,13,1
1876,41,Male,57,5,1,18,Basic,Quarterly,2102,30,1
1877,23,Male,23,9,8,18,Basic,Annual,2881,30,0
1878,36,Female,17,29,8,24,Standard,Quarterly,3240,3,0
1879,57,Female,32,3,1,30,Standard,Monthly,1835,5,1
1880,59,Male,8,29,1,2,Basic,Annual,718,18,0
1881,34,Male,44,5,9,23,Premium,Monthly,2504,17,0
1882,19,Female,57,17,5,16,Premium,Monthly,1775,4,1
1883,60,Female,16,27,10,4,Standard,Monthly,4413,28,1
1884,21,Female,29,21,6,5,Basic,Monthly,2831,15,1
1885,45,Male,18,15,3,4,Basic,Monthly,4663,28,1
1886,53,Female,45,27,5,13,Standard,Quarterly,3179,19,0
1887,53,Male,22,16,5,3,Premium,Monthly,4964,9,1
1888,47,Male,33,20,5,25,Premium,Quarterly,2073,8,1
1889,52,Male,36,9,1,12,Standard,Quarterly,4682,28,0
1890,63,Female,51,16,5,23,Basic,Quarterly,3381,20,1
1891,24,Male,1,14,6,5,Basic,Quarterly,344,6,1
1892,40,Female,37,11,2,7,Basic,Annual,3322,25,0
1893,23,Female,55,6,8,20,Basic,Monthly,4348,9,1
1894,43,Male,21,3,4,12,Standard,Quarterly,2638,21,0
1895,56,Female,55,25,9,0,Basic,Quarterly,3485,4,0
1896,49,Male,60,27,9,29,Premium,Quarterly,3927,11,1
1897,54,Male,40,23,5,22,Basic,Annual,4547,22,1
1898,37,Female,40,4,7,2,Standard,Quarterly,1943,21,1
1899,51,Male,33,13,0,10,Standard,Annual,4641,13,0
1900,28,Female,36,8,8,22,Premium,Monthly,1468,18,1
1901,25,Male,3,29,0,18,Basic,Annual,427,19,1
1902,52,Male,37,24,10,23,Basic,Annual,1333,2,0
1903,59,Male,60,18,10,29,Standard,Monthly,3305,10,1
1904,48,Male,23,27,4,18,Standard,Annual,1485,2,1
1905,46,Female,58,5,9,28,Standard,Monthly,2167,11,1
1906,20,Male,14,6,9,17,Standard,Annual,4492,11,1
1907,57,Female,38,4,7,17,Standard,Monthly,2840,2,1
1908,37,Male,52,20,9,19,Premium,Quarterly,3687,8,0
1909,64,Male,49,30,5,28,Basic,Quarterly,3693,11,0
1910,57,Male,3,18,3,6,Premium,Monthly,175,24,1
1911,54,Female,21,8,2,14,Premium,Annual,2554,15,0
1912,29,Female,55,12,4,6,Standard,Quarterly,3920,26,0
1913,33,Female,38,21,4,16,Basic,Annual,3135,30,1
1914,60,Female,38,14,1,12,Premium,Annual,3262,23,0
1915,55,Male,24,14,10,16,Premium,Annual,2113,13,1
1916,27,Female,47,25,10,12,Premium,Annual,2084,7,1
1917,51,Male,5,5,9,29,Basic,Monthly,347,11,0
1918,35,Male,9,29,9,3,Basic,Monthly,534,10,1
1919,35,Male,57,12,2,1,Premium,Monthly,2798,2,1
1920,45,Female,41,12,1,29,Basic,Quarterly,4100,23,1
1921,36,Male,11,6,0,0,Basic,Monthly,142,24,1
1922,25,Female,57,27,10,9,Basic,Quarterly,4578,2,1
1923,20,Male,57,12,3,30,Premium,Monthly,2460,30,0
1924,64,Female,23,13,9,10,Premium,Monthly,1921,11,1
1925,64,Male,3,22,7,5,Basic,Monthly,932,16,0
1926,62,Male,23,7,7,30,Standard,Monthly,3087,17,1
1927,46,Male,53,18,2,6,Basic,Monthly,2981,13,1
1928,65,Male,57,14,3,8,Premium,Monthly,4579,20,1
1929,20,Female,6,29,1,19,Premium,Monthly,978,15,1
1930,43,Female,52,30,5,11,Premium,Quarterly,3521,5,0
1931,28,Male,6,8,0,22,Standard,Quarterly,297,12,1
1932,50,Male,55,26,5,24,Premium,Monthly,4060,30,1
1933,53,Female,38,17,2,24,Standard,Monthly,3551,19,0
1934,56,Male,58,3,3,0,Premium,Annual,4310,6,1
1935,60,Male,12,21,9,18,Premium,Quarterly,1994,8,1
1936,18,Female,53,17,0,27,Basic,Annual,2646,16,1
1937,52,Female,9,2,6,13,Premium,Annual,882,2,1
1938,28,Male,18,14,2,29,Standard,Annual,2064,14,0
1939,43,Male,11,1,3,29,Basic,Quarterly,369,6,1
1940,30,Male,28,5,7,9,Premium,Monthly,3356,10,0
1941,39,Female,47,14,5,26,Standard,Annual,3151,27,1
1942,34,Female,45,9,4,3,Premium,Monthly,3216,10,1
1943,51,Female,41,28,7,28,Premium,Monthly,2263,27,1
1944,40,Male,49,2,4,27,Standard,Annual,4791,14,1
1945,63,Male,42,28,2,23,Premium,Annual,3576,3,1
1946,21,Male,1,15,10,25,Standard,Monthly,688,19,1
1947,21,Male,21,29,6,13,Premium,Quarterly,3946,28,1
1948,42,Female,5,12,4,28,Premium,Monthly,912,17,0
1949,18,Male,29,5,1,16,Standard,Quarterly,2974,28,1
1950,18,Male,54,15,4,22,Basic,Quarterly,4304,15,1
1951,25,Female,3,18,9,28,Premium,Monthly,158,19,1
1952,53,Female,46,3,3,29,Basic,Monthly,3265,20,1
1953,22,Male,58,22,8,18,Standard,Quarterly,4579,17,1
1954,47,Female,24,28,1,7,Standard,Annual,4080,12,0
1955,49,Female,11,11,10,1,Standard,Monthly,494,25,1
1956,54,Male,54,23,5,5,Basic,Annual,2732,25,0
1957,32,Female,48,27,6,26,Basic,Quarterly,2181,2,1
1958,51,Female,29,19,9,23,Basic,Quarterly,3280,13,1
1959,45,Male,48,1,7,5,Premium,Annual,3461,5,0
1960,41,Male,40,15,2,7,Standard,Monthly,4045,2,0
1961,23,Female,24,3,1,23,Premium,Monthly,3276,9,1
1962,36,Male,12,8,1,5,Standard,Monthly,2547,9,1
1963,42,Female,34,6,6,3,Standard,Quarterly,3406,1,1
1964,57,Male,13,29,2,26,Basic,Annual,3602,29,0
1965,64,Male,33,15,0,9,Standard,Monthly,4262,27,0
1966,42,Male,32,17,0,29,Premium,Quarterly,3697,27,1
1967,24,Female,1,1,4,24,Premium,Monthly,406,23,1
1968,31,Male,57,8,3,22,Basic,Annual,2695,29,1
1969,31,Male,12,16,4,20,Premium,Annual,3259,13,0
1970,60,Female,16,9,5,20,Premium,Quarterly,3535,19,0
1971,21,Female,34,29,2,1,Basic,Quarterly,1531,10,0
1972,62,Female,57,29,9,26,Basic,Quarterly,1424,10,1
1973,22,Male,3,6,1,21,Premium,Quarterly,142,20,1
1974,59,Female,59,13,0,12,Standard,Quarterly,4896,1,0
1975,20,Male,23,30,6,28,Premium,Annual,1872,1,0
1976,44,Male,52,21,4,11,Standard,Annual,4965,16,0
1977,42,Male,3,4,3,24,Premium,Annual,923,3,1
1978,62,Male,60,30,9,2,Basic,Monthly,4680,10,1
1979,26,Female,17,2,6,7,Standard,Annual,1994,14,0
1980,56,Female,32,4,5,5,Standard,Monthly,4359,3,1
1981,63,Male,58,19,9,19,Standard,Quarterly,3022,18,1
1982,18,Female,34,5,1,18,Basic,Annual,3325,21,1
1983,22,Male,50,2,5,20,Standard,Annual,3446,2,0
1984,33,Male,8,6,10,13,Premium,Quarterly,448,26,1
1985,35,Female,13,13,1,26,Standard,Monthly,2887,17,1
1986,19,Male,22,9,9,28,Standard,Monthly,1663,15,0
1987,35,Male,3,6,6,19,Basic,Monthly,630,30,1
1988,31,Female,47,6,0,21,Premium,Monthly,2794,3,1
1989,57,Female,9,4,4,19,Basic,Annual,901,21,1
1990,18,Male,16,18,2,18,Standard,Quarterly,3645,4,1
1991,26,Female,3,9,0,2,Standard,Monthly,901,26,1
1992,21,Female,56,21,8,24,Premium,Quarterly,1565,9,0
1993,26,Male,30,7,6,5,Premium,Annual,1656,8,0
1994,18,Female,46,19,0,30,Premium,Monthly,2835,7,1
1995,38,Male,7,26,3,27,Standard,Quarterly,118,7,0
1996,27,Male,8,28,3,5,Basic,Annual,519,9,0
1997,44,Female,25,16,9,27,Standard,Annual,2375,14,1
1998,37,Female,7,27,6,24,Premium,Quarterly,803,29,0
1999,60,Male,2,19,7,29,Standard,Quarterly,744,28,1
2000,62,Male,19,9,6,4,Standard,Annual,1154,25,1
2001,29,Female,3,19,9,16,Basic,Monthly,913,23,0
2002,42,Male,55,5,0,11,Basic,Annual,1880,18,0
2003,59,Female,20,17,10,28,Basic,Monthly,2526,8,1
2004,64,Female,15,26,1,27,Basic,Quarterly,1805,22,1
2005,59,Female,44,10,0,21,Standard,Annual,2714,4,0
2006,25,Female,56,25,9,18,Standard,Monthly,4477,7,1
2007,22,Female,56,1,10,16,Basic,Quarterly,3066,3,1
2008,34,Male,19,7,0,23,Basic,Monthly,2970,17,1
2009,18,Male,60,13,10,5,Premium,Annual,3007,20,0
2010,61,Male,31,8,5,1,Standard,Monthly,2275,5,1
2011,46,Male,56,23,6,23,Standard,Annual,1812,15,1
2012,50,Female,33,11,4,14,Basic,Annual,1506,24,0
2013,48,Male,10,6,5,9,Premium,Quarterly,400,19,1
2014,48,Female,13,15,9,10,Standard,Annual,2303,20,1
2015,18,Female,19,7,6,23,Premium,Quarterly,4140,9,0
2016,50,Female,17,27,8,3,Standard,Quarterly,3820,10,0
2017,50,Female,52,1,9,3,Standard,Quarterly,3437,18,0
2018,44,Male,54,18,4,20,Basic,Quarterly,4244,12,1
2019,41,Female,28,30,7,23,Premium,Annual,1606,7,0
2020,51,Female,4,30,5,6,Basic,Annual,762,6,0
2021,56,Female,3,13,7,19,Basic,Quarterly,815,10,0
2022,65,Male,12,20,4,19,Standard,Annual,1068,17,1
2023,56,Male,12,21,7,5,Premium,Annual,1122,23,0
2024,25,Female,34,13,9,6,Basic,Annual,2974,14,1
2025,25,Female,9,4,1,15,Premium,Quarterly,917,8,0
2026,41,Female,32,25,6,18,Basic,Quarterly,1185,18,1
2027,42,Female,30,27,7,0,Standard,Quarterly,3757,28,1
2028,51,Female,7,20,10,17,Standard,Monthly,458,11,1
2029,29,Female,51,17,7,5,Standard,Monthly,4858,13,1
2030,43,Female,32,17,5,16,Standard,Quarterly,3855,16,1
2031,63,Male,60,11,4,10,Standard,Monthly,4306,14,0
2032,45,Male,46,27,7,21,Basic,Monthly,3457,3,0
2033,22,Male,48,21,4,8,Basic,Quarterly,4802,6,1
2034,45,Female,32,12,10,26,Basic,Annual,2053,5,1
2035,51,Male,3,26,3,16,Standard,Annual,127,12,1
2036,51,Female,59,6,9,29,Premium,Monthly,3078,2,1
2037,65,Female,8,4,7,4,Premium,Annual,776,17,1
2038,30,Female,48,28,6,9,Standard,Quarterly,1046,26,1
2039,62,Male,10,14,10,22,Standard,Monthly,398,4,1
2040,62,Male,39,26,10,21,Premium,Annual,2502,29,1
2041,24,Male,20,30,3,4,Premium,Annual,4927,18,0
2042,58,Female,11,22,6,0,Standard,Quarterly,689,9,1
2043,52,Female,39,4,0,15,Standard,Monthly,4588,14,0
2044,61,Male,12,21,6,21,Premium,Monthly,2112,26,1
2045,57,Male,8,28,9,24,Basic,Annual,600,30,0
2046,19,Female,34,13,6,28,Standard,Quarterly,3254,26,1
2047,26,Male,43,11,8,15,Premium,Annual,1561,12,0
2048,45,Male,24,19,10,17,Premium,Annual,2766,15,0
2049,54,Male,45,29,8,11,Standard,Annual,4996,8,1
2050,35,Male,47,24,6,20,Basic,Annual,1822,26,1
2051,41,Female,33,14,5,3,Premium,Annual,1574,19,0
2052,49,Female,4,10,0,22,Standard,Monthly,590,25,0
2053,48,Male,3,13,0,0,Basic,Monthly,608,2,1
2054,39,Male,3,1,3,23,Standard,Annual,367,29,1
2055,39,Female,51,3,8,8,Basic,Quarterly,2444,9,0
2056,33,Male,35,15,4,18,Basic,Annual,4575,23,1
2057,26,Male,42,5,6,7,Basic,Quarterly,1564,16,0
2058,22,Male,22,12,0,15,Standard,Monthly,4190,19,1
2059,40,Male,37,10,7,19,Premium,Monthly,1661,5,1
2060,50,Male,46,29,10,5,Standard,Quarterly,1198,21,1
2061,41,Female,42,16,3,26,Standard,Monthly,3481,14,1
2062,47,Male,2,6,3,13,Basic,Quarterly,602,26,0
2063,57,Female,58,1,5,5,Basic,Annual,2750,4,0
2064,45,Male,43,3,5,27,Standard,Annual,1877,11,1
2065,54,Female,4,15,5,19,Standard,Quarterly,649,16,1
2066,52,Female,10,6,6,11,Premium,Quarterly,644,26,1
2067,55,Male,16,9,4,2,Basic,Monthly,2028,2,1
2068,28,Male,8,14,8,1,Premium,Quarterly,655,9,0
2069,29,Male,25,13,2,17,Premium,Monthly,1264,5,1
2070,37,Male,15,8,4,13,Standard,Quarterly,3588,2,0
2071,61,Female,35,19,7,17,Premium,Monthly,1127,14,1
2072,55,Female,3,17,10,17,Premium,Quarterly,645,22,1
2073,56,Female,42,19,3,12,Basic,Annual,1730,4,0
2074,45,Male,28,25,8,17,Basic,Monthly,4275,30,1
2075,47,Male,36,19,2,3,Standard,Quarterly,2515,18,0
2076,28,Female,10,6,10,20,Standard,Annual,931,9,0
2077,48,Female,7,10,3,6,Standard,Quarterly,304,22,0
2078,46,Female,50,16,4,8,Basic,Monthly,4847,22,0
2079,63,Female,55,22,1,26,Premium,Monthly,2740,1,1
2080,38,Female,24,14,6,25,Standard,Annual,3982,6,1
2081,23,Female,51,15,9,20,Basic,Monthly,1099,22,0
2082,42,Male,54,25,1,20,Standard,Annual,3169,23,1
2083,44,Male,52,6,10,20,Standard,Annual,1279,10,1
2084,49,Male,33,21,9,6,Standard,Quarterly,3116,10,1
2085,53,Male,30,18,9,3,Basic,Monthly,1875,1,1
2086,53,Female,59,4,9,7,Premium,Annual,3647,25,1
2087,47,Female,15,26,5,27,Basic,Monthly,1976,8,0
2088,45,Female,6,15,0,23,Premium,Quarterly,955,24,0
2089,61,Female,19,4,4,10,Basic,Quarterly,2943,12,0
2090,50,Male,32,10,8,24,Standard,Monthly,3614,3,1
2091,31,Female,24,2,0,14,Standard,Quarterly,1249,8,0
2092,55,Male,37,23,4,4,Standard,Monthly,2333,24,1
2093,47,Male,26,4,6,22,Standard,Monthly,4757,23,1
2094,37,Male,6,28,1,9,Basic,Monthly,874,5,1
2095,26,Male,3,19,6,9,Standard,Monthly,825,24,1
2096,42,Male,42,19,6,18,Premium,Monthly,3449,13,0
2097,31,Male,39,23,7,23,Standard,Quarterly,4125,20,0
2098,47,Female,49,21,5,3,Basic,Quarterly,4848,12,0
2099,34,Female,43,23,2,23,Premium,Quarterly,1380,22,1
2100,23,Female,18,28,9,15,Premium,Annual,3990,5,1
2101,22,Female,38,3,6,12,Standard,Quarterly,2241,20,1
2102,57,Female,2,11,5,19,Basic,Monthly,234,17,1
2103,29,Male,12,24,4,7,Basic,Monthly,2369,11,1
2104,23,Male,20,7,2,9,Premium,Quarterly,4913,28,0
2105,23,Female,25,3,2,2,Premium,Quarterly,3781,30,0
2106,30,Female,18,6,1,23,Premium,Monthly,1129,26,1
2107,19,Female,19,17,5,8,Basic,Monthly,4486,19,0
2108,57,Male,54,26,9,23,Standard,Annual,4731,17,1
2109,46,Male,27,6,6,26,Standard,Annual,3995,11,1
2110,35,Male,25,23,4,27,Basic,Monthly,3426,14,1
2111,64,Female,11,7,3,9,Basic,Monthly,932,29,1
2112,25,Female,7,24,6,28,Premium,Quarterly,262,26,1
2113,24,Male,39,29,2,5,Standard,Annual,4576,25,0
2114,51,Female,58,23,5,21,Premium,Quarterly,1778,17,1
2115,54,Female,52,2,2,30,Premium,Monthly,3520,18,1
2116,56,Female,3,7,4,23,Standard,Quarterly,851,12,1
2117,59,Female,18,21,7,6,Premium,Quarterly,4048,22,1
2118,24,Male,1,3,0,27,Standard,Annual,151,18,1
2119,50,Male,28,4,0,18,Standard,Monthly,2457,15,0
2120,33,Male,45,25,3,12,Standard,Quarterly,1323,15,1
2121,63,Female,59,10,0,1,Premium,Monthly,2486,21,1
2122,55,Female,4,21,7,7,Standard,Monthly,502,15,1
2123,37,Male,34,6,8,6,Basic,Monthly,1392,7,0
2124,52,Female,10,28,0,8,Standard,Annual,624,10,0
2125,42,Male,21,19,0,0,Premium,Monthly,2486,24,0
2126,38,Female,13,7,5,0,Premium,Monthly,1688,6,1
2127,19,Male,18,18,3,30,Basic,Annual,3341,24,1
2128,48,Female,39,1,2,17,Premium,Annual,1034,3,0
2129,37,Female,58,22,6,29,Basic,Quarterly,1883,28,1
2130,43,Female,5,2,3,11,Basic,Annual,796,4,0
2131,28,Female,9,11,2,8,Basic,Annual,936,23,0
2132,25,Female,57,23,4,12,Basic,Annual,3617,12,0
2133,18,Female,15,14,0,30,Basic,Annual,1066,13,1
2134,51,Female,39,23,0,23,Premium,Annual,2961,30,1
2135,26,Male,38,21,4,9,Premium,Monthly,2717,23,1
2136,44,Female,40,21,6,6,Premium,Quarterly,4703,18,1
2137,36,Female,16,24,7,21,Basic,Annual,1958,18,1
2138,48,Male,18,21,5,4,Premium,Quarterly,2885,1,1
2139,39,Female,60,20,1,5,Premium,Monthly,4701,23,1
2140,26,Female,3,9,8,2,Basic,Monthly,817,8,1
2141,54,Male,36,3,6,7,Basic,Monthly,2253,2,1
2142,56,Female,46,19,8,1,Premium,Quarterly,4226,15,1
2143,23,Female,17,24,6,29,Standard,Monthly,1119,11,0
2144,36,Male,6,18,1,27,Standard,Annual,507,19,1
2145,22,Female,40,19,9,25,Basic,Annual,3074,13,1
2146,22,Female,18,29,9,22,Premium,Quarterly,4574,13,1
2147,57,Female,17,13,1,23,Premium,Annual,4643,16,0
2148,64,Male,58,7,7,12,Premium,Annual,3643,27,0
2149,49,Male,17,6,1,21,Basic,Annual,2900,26,0
2150,28,Male,26,30,7,25,Standard,Annual,3295,24,1
2151,52,Male,37,20,4,18,Standard,Annual,3746,24,0
2152,37,Male,38,26,10,19,Standard,Annual,3847,24,0
2153,56,Female,35,17,4,4,Standard,Monthly,3098,22,1
2154,54,Male,47,4,3,2,Standard,Annual,2463,30,0
2155,52,Male,52,1,9,4,Basic,Quarterly,4905,15,1
2156,60,Female,15,17,6,24,Premium,Monthly,3383,22,0
2157,40,Female,60,19,10,14,Standard,Quarterly,2056,25,1
2158,64,Male,5,30,3,3,Premium,Annual,774,15,0
2159,31,Male,7,29,8,3,Standard,Annual,990,21,1
2160,30,Male,12,7,1,30,Standard,Annual,4284,30,1
2161,58,Female,25,14,5,21,Standard,Monthly,2382,3,1
2162,55,Female,49,17,1,7,Basic,Quarterly,4352,9,0
2163,40,Male,35,14,0,27,Standard,Annual,1157,20,1
2164,53,Male,20,21,1,26,Basic,Quarterly,2094,5,1
2165,41,Female,40,7,0,22,Basic,Monthly,2864,29,1
2166,58,Male,34,29,7,7,Standard,Quarterly,4236,5,0
2167,61,Female,25,21,5,8,Premium,Quarterly,3562,30,1
2168,54,Male,35,28,8,7,Basic,Annual,3625,18,1
2169,59,Male,9,29,0,14,Basic,Annual,826,21,0
2170,18,Female,10,25,5,14,Standard,Annual,154,2,0
2171,58,Female,24,17,3,18,Standard,Monthly,1770,20,0
2172,20,Male,22,15,7,1,Basic,Monthly,1828,7,1
2173,46,Female,42,28,4,19,Premium,Annual,4057,17,1
2174,44,Female,19,24,2,10,Standard,Annual,3223,14,0
2175,63,Female,45,29,6,16,Basic,Annual,3592,11,1
2176,60,Female,15,20,2,28,Premium,Annual,3273,19,1
2177,43,Male,23,6,1,15,Basic,Monthly,3108,20,0
2178,32,Female,23,14,7,16,Basic,Quarterly,3688,12,1
2179,24,Male,12,20,5,2,Standard,Quarterly,3045,10,1
2180,50,Female,39,28,0,4,Basic,Monthly,1824,16,1
2181,41,Female,13,5,10,26,Standard,Quarterly,1330,29,1
2182,65,Male,11,22,3,22,Premium,Monthly,333,14,1
2183,54,Female,49,6,5,5,Basic,Quarterly,4303,11,0
2184,44,Male,54,6,6,12,Premium,Monthly,4930,16,0
2185,34,Female,8,13,10,20,Standard,Annual,483,20,1
2186,24,Female,33,25,9,2,Premium,Annual,1469,21,0
2187,35,Male,60,1,7,5,Standard,Quarterly,3164,25,1
2188,22,Male,33,3,5,11,Basic,Quarterly,1455,8,0
2189,32,Male,18,7,7,4,Premium,Monthly,4952,16,1
2190,53,Female,42,25,3,27,Premium,Quarterly,4962,28,1
2191,57,Female,1,5,0,25,Premium,Annual,997,15,0
2192,51,Male,1,2,5,14,Standard,Quarterly,737,7,0
2193,47,Female,41,25,4,8,Standard,Monthly,4354,9,1
2194,42,Male,55,29,5,26,Basic,Quarterly,1874,4,1
2195,50,Male,30,16,6,19,Standard,Quarterly,2714,23,1
2196,40,Male,34,14,1,16,Premium,Monthly,4050,27,1
2197,44,Female,5,3,4,17,Standard,Monthly,582,11,1
2198,18,Male,40,14,9,15,Basic,Quarterly,3141,13,1
2199,27,Male,35,19,9,9,Basic,Annual,4227,13,1
2200,51,Female,5,14,6,12,Premium,Monthly,886,19,0
2201,29,Male,41,14,4,5,Premium,Monthly,1637,19,1
2202,51,Male,30,12,3,29,Basic,Quarterly,2313,18,1
2203,31,Male,39,14,7,19,Premium,Annual,4101,7,0
2204,56,Female,22,13,5,5,Standard,Monthly,2071,26,1
2205,35,Male,24,26,6,14,Premium,Quarterly,1927,26,1
2206,60,Female,48,19,4,11,Standard,Quarterly,3277,18,1
2207,56,Female,30,13,6,10,Standard,Annual,4347,17,1
2208,29,Male,5,5,2,0,Standard,Quarterly,911,20,0
2209,27,Male,37,29,3,22,Standard,Monthly,3451,26,1
2210,46,Female,20,6,3,14,Premium,Monthly,4705,1,1
2211,49,Female,29,4,8,6,Premium,Annual,2386,24,1
2212,46,Male,37,7,7,16,Basic,Monthly,2186,13,1
2213,18,Female,40,9,0,15,Standard,Monthly,3255,11,1
2214,28,Male,56,2,10,2,Standard,Annual,2331,15,0
2215,46,Female,41,16,3,12,Basic,Annual,4292,22,0
2216,50,Female,34,17,2,13,Standard,Annual,1183,17,0
2217,22,Male,47,15,1,18,Premium,Quarterly,3749,22,1
2218,28,Male,33,1,0,26,Basic,Monthly,2398,12,1
2219,23,Male,28,26,8,10,Premium,Annual,4196,12,1
2220,31,Male,7,7,7,20,Standard,Monthly,178,29,0
2221,38,Female,12,28,7,24,Standard,Annual,3363,26,0
2222,32,Female,21,9,1,15,Basic,Monthly,4145,9,1
2223,37,Male,20,22,8,6,Standard,Quarterly,3697,30,1
2224,30,Female,1,29,10,30,Premium,Annual,919,12,0
2225,44,Female,58,18,6,10,Standard,Quarterly,1577,25,1
2226,21,Male,26,8,8,21,Standard,Monthly,4991,5,1
2227,61,Male,13,11,9,20,Standard,Monthly,3431,8,1
2228,23,Male,7,19,9,10,Basic,Quarterly,928,30,1
2229,57,Female,36,30,1,7,Premium,Annual,3725,24,0
2230,59,Male,5,27,3,14,Basic,Quarterly,317,9,0
2231,22,Male,15,1,4,12,Standard,Annual,4475,20,0
2232,34,Female,24,23,4,22,Basic,Quarterly,1179,1,0
2233,21,Female,31,30,6,12,Premium,Quarterly,3064,16,1
2234,61,Male,5,19,9,21,Premium,Annual,974,21,1
2235,39,Male,19,29,8,8,Standard,Quarterly,1442,13,0
2236,51,Male,5,21,6,3,Premium,Monthly,838,21,1
2237,39,Female,52,21,3,24,Premium,Quarterly,3068,9,1
2238,22,Male,9,12,4,17,Premium,Annual,848,8,1
2239,30,Female,6,15,10,13,Standard,Annual,464,16,0
2240,49,Female,40,7,9,6,Basic,Annual,2272,10,1
2241,53,Male,2,7,4,4,Basic,Annual,634,21,0
2242,44,Male,17,1,3,7,Basic,Monthly,4346,8,1
2243,49,Female,7,5,8,10,Basic,Annual,821,7,1
2244,23,Male,40,13,8,23,Premium,Annual,1180,28,1
2245,50,Male,2,6,3,6,Premium,Quarterly,770,2,1
2246,64,Female,39,30,7,29,Basic,Annual,1934,30,1
2247,20,Male,2,9,0,17,Standard,Monthly,799,9,1
2248,49,Female,12,25,4,21,Premium,Annual,4102,28,1
2249,49,Female,39,28,6,0,Basic,Quarterly,4276,17,0
2250,26,Female,49,26,0,30,Standard,Annual,3925,3,1
2251,65,Female,21,6,5,3,Premium,Monthly,4581,20,1
2252,21,Female,18,13,7,16,Standard,Quarterly,1331,10,1
2253,51,Male,59,20,4,17,Premium,Monthly,2316,30,1
2254,47,Female,3,25,0,4,Standard,Monthly,865,1,1
2255,20,Male,39,30,2,23,Standard,Annual,2278,24,0
2256,31,Female,49,25,6,23,Premium,Quarterly,1747,11,1
2257,57,Female,14,5,4,7,Standard,Monthly,1126,26,0
2258,21,Male,2,15,0,18,Basic,Annual,909,30,0
2259,47,Male,10,21,0,21,Premium,Annual,229,7,1
2260,59,Female,52,7,6,16,Basic,Quarterly,4718,16,1
2261,36,Male,57,19,0,18,Basic,Quarterly,4905,27,1
2262,50,Female,52,21,10,2,Basic,Annual,2258,20,0
2263,28,Male,47,22,3,27,Premium,Monthly,2456,19,0
2264,45,Female,39,21,9,4,Premium,Monthly,4065,13,1
2265,65,Female,55,5,10,15,Basic,Annual,4296,10,1
2266,23,Male,32,19,3,16,Premium,Quarterly,4517,30,1
2267,34,Male,30,24,5,18,Basic,Monthly,3699,28,1
2268,61,Female,49,18,8,27,Standard,Annual,4727,27,1
2269,26,Female,5,22,10,23,Standard,Monthly,762,3,0
2270,49,Female,23,4,7,6,Premium,Annual,2354,6,1
2271,23,Female,37,11,6,21,Standard,Quarterly,2455,9,1
2272,23,Female,21,27,10,7,Basic,Annual,3039,4,0
2273,42,Female,43,22,5,25,Standard,Annual,2011,12,1
2274,33,Female,27,12,10,29,Standard,Quarterly,3360,8,1
2275,30,Female,4,11,5,20,Basic,Annual,835,5,0
2276,41,Female,5,2,8,24,Basic,Quarterly,853,29,1
2277,52,Female,47,17,2,5,Premium,Annual,2673,17,0
2278,40,Female,41,14,6,26,Basic,Annual,4651,23,1
2279,33,Female,30,7,10,24,Basic,Annual,4243,24,1
2280,39,Female,31,4,5,14,Standard,Monthly,2606,3,1
2281,34,Male,55,15,3,26,Basic,Monthly,2275,18,1
2282,25,Female,17,2,3,29,Basic,Quarterly,3521,11,1
2283,49,Male,2,13,2,20,Premium,Monthly,169,13,1
2284,43,Female,47,10,3,14,Premium,Monthly,4515,16,1
2285,39,Female,25,29,10,28,Premium,Monthly,4857,7,1
2286,37,Male,21,10,4,2,Premium,Annual,3814,13,0
2287,19,Male,7,4,4,0,Basic,Annual,537,7,0
2288,42,Male,57,3,1,29,Standard,Quarterly,3745,9,0
2289,56,Male,43,22,2,16,Basic,Monthly,3397,28,1
2290,49,Female,37,17,4,27,Premium,Annual,2466,6,1
2291,64,Male,1,22,0,21,Premium,Monthly,574,19,1
2292,47,Female,48,15,1,19,Standard,Monthly,3746,6,1
2293,56,Male,8,4,5,23,Basic,Annual,412,20,0
2294,27,Female,60,1,9,14,Basic,Annual,2808,22,1
2295,35,Female,30,6,9,6,Standard,Quarterly,2495,16,1
2296,43,Female,13,10,6,0,Standard,Monthly,1366,24,1
2297,22,Male,6,11,2,3,Standard,Quarterly,390,18,0
2298,41,Female,9,16,10,3,Standard,Annual,317,29,1
2299,60,Male,23,16,3,26,Standard,Annual,1739,14,1
2300,43,Female,33,8,6,0,Standard,Monthly,4637,6,0
2301,45,Female,6,24,4,14,Premium,Quarterly,845,25,0
2302,27,Female,52,1,8,19,Standard,Monthly,1244,2,1
2303,48,Male,44,30,0,25,Premium,Monthly,1728,26,1
2304,39,Male,1,26,2,16,Standard,Monthly,954,13,0
2305,28,Male,59,20,7,0,Premium,Annual,3620,21,1
2306,54,Male,55,8,3,13,Basic,Quarterly,3540,24,0
2307,57,Female,33,10,10,26,Standard,Annual,4596,16,1
2308,64,Female,37,7,2,29,Premium,Monthly,2882,30,0
2309,31,Female,33,13,8,5,Premium,Annual,1870,12,1
2310,20,Female,59,3,10,4,Standard,Quarterly,1902,12,1
2311,40,Female,17,11,0,6,Standard,Monthly,3630,19,0
2312,44,Female,31,13,6,9,Premium,Quarterly,4614,7,1
2313,49,Male,2,19,4,12,Basic,Monthly,449,26,1
2314,19,Female,30,15,0,21,Standard,Quarterly,2815,29,0
2315,39,Male,60,9,3,27,Basic,Monthly,3514,6,1
2316,59,Female,32,28,10,10,Basic,Monthly,1843,27,1
2317,58,Female,41,30,10,28,Standard,Annual,1624,11,0
2318,62,Male,16,17,0,11,Premium,Monthly,4245,26,1
2319,49,Male,51,23,8,4,Basic,Annual,4706,26,1
2320,23,Female,32,1,8,4,Basic,Monthly,1271,25,1
2321,48,Male,17,25,10,17,Premium,Quarterly,4597,13,1
2322,48,Female,25,3,4,17,Basic,Monthly,4586,1,1
2323,61,Female,33,20,7,3,Basic,Monthly,4582,4,1
2324,19,Male,54,18,5,16,Basic,Annual,4781,19,1
2325,46,Female,41,26,1,24,Standard,Monthly,2417,18,0
2326,24,Male,38,1,1,12,Standard,Monthly,1663,4,1
2327,29,Male,46,6,10,29,Premium,Quarterly,1598,20,1
2328,18,Female,28,16,3,12,Premium,Monthly,4730,16,1
2329,24,Female,9,6,4,10,Premium,Monthly,479,28,1
2330,58,Female,13,9,7,16,Premium,Annual,3854,22,1
2331,50,Male,46,4,2,19,Basic,Annual,2798,28,0
2332,37,Male,13,12,4,27,Premium,Annual,4530,19,0
2333,31,Female,1,27,10,20,Basic,Annual,298,23,1
2334,50,Female,30,22,7,27,Basic,Monthly,4407,24,1
2335,47,Female,6,16,6,10,Basic,Quarterly,514,13,0
2336,28,Male,28,21,0,6,Standard,Quarterly,1187,5,0
2337,26,Male,42,28,7,19,Premium,Quarterly,4469,10,0
2338,53,Male,40,19,3,21,Basic,Quarterly,4908,16,1
2339,65,Female,8,21,4,21,Standard,Annual,835,16,0
2340,27,Male,26,3,2,27,Premium,Annual,2267,21,1
2341,47,Female,42,1,0,17,Standard,Monthly,1455,4,1
2342,48,Male,52,5,7,21,Standard,Annual,2318,26,1
2343,43,Male,56,28,7,23,Basic,Quarterly,4706,1,0
2344,55,Male,13,15,7,14,Premium,Monthly,4464,20,1
2345,32,Male,47,25,9,11,Basic,Quarterly,1348,19,1
2346,32,Male,43,16,10,23,Basic,Monthly,4738,8,0
2347,65,Female,43,21,2,20,Basic,Annual,1523,21,0
2348,56,Female,43,7,2,22,Standard,Annual,2196,10,0
2349,30,Male,23,6,8,16,Basic,Monthly,2531,20,1
2350,46,Female,32,7,9,10,Premium,Annual,2384,7,0
2351,23,Female,36,25,5,6,Premium,Monthly,1142,8,1
2352,44,Male,46,9,6,29,Basic,Monthly,4073,6,1
2353,21,Male,23,30,10,10,Premium,Quarterly,2343,2,1
2354,64,Male,57,25,3,14,Premium,Monthly,1558,4,1
2355,24,Female,19,20,9,27,Premium,Monthly,3026,26,1
2356,42,Male,28,30,3,6,Standard,Monthly,3744,7,1
2357,22,Male,31,16,10,12,Premium,Quarterly,3170,20,1
2358,40,Female,3,25,4,16,Standard,Monthly,161,21,1
2359,43,Male,55,19,6,10,Basic,Quarterly,4189,10,1
2360,57,Female,35,29,6,26,Basic,Annual,1342,16,1
2361,52,Female,57,2,10,26,Premium,Annual,1400,29,1
2362,23,Male,9,22,2,27,Basic,Quarterly,702,7,0
2363,58,Female,2,28,5,21,Standard,Quarterly,341,15,1
2364,62,Male,1,4,6,10,Standard,Annual,711,7,1
2365,53,Female,50,1,8,14,Basic,Monthly,3470,17,1
2366,32,Female,36,8,1,19,Standard,Quarterly,1647,9,1
2367,53,Female,11,17,10,12,Standard,Quarterly,736,27,1
2368,21,Female,18,10,8,30,Basic,Monthly,4675,3,1
2369,19,Female,41,22,5,19,Premium,Monthly,4024,27,1
2370,38,Female,16,26,7,19,Premium,Quarterly,3388,22,0
2371,38,Male,47,6,5,25,Standard,Monthly,2438,29,1
2372,48,Female,8,30,7,6,Basic,Annual,279,18,1
2373,54,Male,12,29,5,4,Standard,Annual,3221,14,0
2374,57,Female,28,13,1,29,Basic,Annual,2612,14,0
2375,60,Male,10,26,1,0,Premium,Quarterly,604,9,0
2376,59,Male,56,12,9,10,Standard,Monthly,3253,17,1
2377,41,Male,5,19,2,14,Basic,Annual,774,14,0
2378,19,Female,25,19,10,28,Standard,Monthly,1685,29,1
2379,18,Female,1,10,3,9,Standard,Annual,128,9,0
2380,30,Male,56,21,6,12,Premium,Monthly,3244,20,0
2381,31,Female,38,24,2,11,Premium,Quarterly,2129,8,0
2382,26,Female,7,6,1,17,Standard,Monthly,148,26,0
2383,40,Male,60,23,2,24,Basic,Monthly,4748,12,0
2384,30,Male,1,2,1,27,Standard,Annual,236,24,0
2385,62,Female,26,16,0,6,Basic,Quarterly,4817,11,0
2386,53,Female,35,21,0,28,Premium,Quarterly,2872,7,0
2387,53,Male,12,14,10,4,Premium,Quarterly,3227,1,1
2388,35,Female,27,14,3,7,Premium,Annual,1457,28,0
2389,51,Male,7,30,7,24,Premium,Quarterly,782,17,0
2390,30,Female,2,28,6,16,Premium,Quarterly,316,30,1
2391,55,Female,46,11,8,11,Premium,Monthly,3121,14,1
2392,25,Female,48,14,8,6,Basic,Monthly,3932,4,1
2393,48,Female,45,23,10,28,Premium,Quarterly,1483,23,1
2394,52,Male,21,22,7,7,Standard,Quarterly,3227,12,1
2395,42,Male,60,2,6,9,Standard,Quarterly,1175,9,1
2396,50,Male,35,4,0,20,Premium,Monthly,2378,16,1
2397,37,Female,33,13,10,14,Basic,Annual,1029,8,1
2398,28,Male,47,6,6,23,Basic,Monthly,2753,7,1
2399,30,Female,20,2,7,23,Basic,Annual,2117,7,1
2400,33,Female,59,26,0,17,Standard,Monthly,1471,17,1
2401,56,Female,47,15,2,3,Standard,Monthly,4762,8,1
2402,60,Male,59,19,5,5,Basic,Quarterly,2949,19,0
2403,64,Female,19,29,1,15,Premium,Quarterly,1507,22,0
2404,60,Female,32,12,8,30,Standard,Annual,1817,11,1
2405,43,Female,10,24,4,24,Standard,Annual,170,29,1
2406,47,Female,41,4,2,21,Standard,Annual,4728,26,1
2407,28,Male,17,15,1,25,Premium,Monthly,2339,11,1
2408,43,Female,30,30,10,16,Premium,Quarterly,2434,7,1
2409,28,Female,5,10,3,29,Standard,Monthly,873,13,0
2410,64,Male,44,13,1,3,Basic,Quarterly,4705,12,0
2411,60,Female,13,19,0,14,Standard,Annual,1819,14,0
2412,50,Female,44,30,0,13,Basic,Monthly,2034,3,0
2413,45,Male,48,26,10,4,Standard,Monthly,4190,1,1
2414,54,Female,24,21,2,9,Standard,Monthly,2465,2,1
2415,64,Male,59,12,4,2,Standard,Quarterly,1416,13,0
2416,20,Male,15,13,4,18,Standard,Monthly,4713,4,1
2417,63,Female,53,27,10,28,Standard,Monthly,3656,13,1
2418,53,Male,38,15,7,9,Basic,Monthly,4889,15,1
2419,40,Female,39,24,9,30,Basic,Annual,1335,16,1
2420,33,Male,29,21,5,8,Basic,Quarterly,4800,3,0
2421,32,Female,9,30,10,11,Standard,Quarterly,796,4,1
2422,35,Male,5,24,9,23,Basic,Monthly,499,14,0
2423,20,Female,52,19,2,21,Basic,Quarterly,3149,30,0
2424,43,Female,20,23,0,11,Basic,Monthly,1025,14,0
2425,31,Male,16,8,0,13,Standard,Quarterly,2992,6,0
2426,62,Male,8,14,2,29,Basic,Annual,772,4,0
2427,46,Female,23,7,9,13,Premium,Annual,4358,25,1
2428,60,Female,7,16,5,27,Standard,Quarterly,296,30,1
2429,48,Male,47,15,2,3,Standard,Monthly,1376,4,0
2430,25,Male,58,21,2,10,Standard,Monthly,3133,17,0
2431,22,Female,19,3,7,20,Standard,Monthly,4858,16,1
2432,41,Female,36,2,5,28,Basic,Monthly,3333,4,1
2433,27,Male,53,25,0,14,Basic,Monthly,1705,5,0
2434,31,Male,23,8,10,17,Standard,Annual,1789,20,1
2435,43,Female,21,23,1,4,Premium,Quarterly,4682,23,1
2436,57,Male,33,9,2,30,Basic,Monthly,4004,17,1
2437,36,Male,19,19,3,24,Premium,Monthly,2549,11,1
2438,37,Female,41,1,7,2,Basic,Annual,1872,9,1
2439,56,Female,12,21,2,17,Standard,Monthly,2852,6,1
2440,38,Male,8,7,5,28,Premium,Quarterly,662,14,0
2441,55,Male,34,29,9,7,Standard,Annual,1827,26,1
2442,55,Male,45,22,2,7,Standard,Quarterly,1425,5,1
2443,62,Female,3,23,10,5,Basic,Monthly,228,3,1
2444,24,Male,4,28,1,24,Premium,Quarterly,564,12,1
2445,37,Female,9,28,6,0,Basic,Annual,646,1,1
2446,42,Male,43,27,9,12,Standard,Monthly,3571,22,1
2447,24,Male,44,8,9,0,Standard,Quarterly,4173,5,0
2448,35,Female,38,15,10,19,Standard,Monthly,3476,26,1
2449,53,Female,7,7,3,10,Premium,Quarterly,944,13,0
2450,44,Female,21,21,7,7,Basic,Quarterly,4453,2,1
2451,29,Female,48,3,4,18,Standard,Annual,3096,24,1
2452,57,Female,25,19,6,14,Premium,Annual,1289,28,0
2453,38,Female,5,27,6,25,Standard,Monthly,556,4,0
2454,51,Male,14,21,0,27,Basic,Monthly,1301,20,1
2455,35,Male,32,6,5,16,Standard,Quarterly,1117,15,1
2456,31,Male,56,7,4,25,Standard,Monthly,3647,18,1
2457,45,Male,54,9,0,23,Standard,Annual,3410,10,1
2458,30,Female,28,18,8,18,Premium,Monthly,4684,2,1
2459,36,Female,8,5,9,6,Basic,Annual,641,5,0
2460,61,Male,59,26,9,21,Basic,Annual,4064,24,1
2461,46,Male,33,15,7,13,Premium,Quarterly,4348,1,0
2462,36,Male,2,15,9,25,Premium,Annual,626,10,1
2463,27,Female,54,8,2,28,Standard,Quarterly,1429,9,1
2464,23,Male,20,26,9,10,Standard,Monthly,4538,19,0
2465,59,Male,14,20,5,0,Basic,Annual,2795,12,0
2466,32,Female,34,28,6,29,Basic,Monthly,1153,1,1
2467,55,Female,59,22,5,9,Premium,Quarterly,1207,28,1
2468,61,Female,50,13,4,0,Premium,Annual,4487,4,0
2469,46,Female,17,12,3,1,Premium,Monthly,2915,3,1
2470,65,Female,42,22,4,29,Standard,Quarterly,4921,10,1
2471,21,Female,17,12,4,3,Premium,Quarterly,4842,10,0
2472,19,Male,34,29,3,6,Premium,Annual,2442,15,0
2473,56,Female,22,22,10,14,Basic,Annual,2371,22,0
2474,51,Male,60,11,10,4,Premium,Monthly,2721,21,1
2475,58,Female,22,3,4,12,Basic,Annual,2079,13,0
2476,49,Male,42,27,9,2,Basic,Quarterly,2393,10,1
2477,25,Male,47,20,10,9,Premium,Annual,1389,16,0
2478,65,Male,1,22,7,20,Basic,Quarterly,927,22,0
2479,29,Female,29,14,8,2,Basic,Annual,4003,20,0
2480,20,Male,23,23,7,2,Standard,Annual,1423,24,0
2481,52,Female,28,1,2,22,Standard,Annual,1477,7,0
2482,20,Female,26,29,8,23,Basic,Annual,4074,15,1
2483,31,Female,34,15,10,2,Premium,Monthly,1797,12,1
2484,54,Female,8,28,5,4,Premium,Quarterly,279,15,0
2485,23,Male,35,4,3,27,Premium,Monthly,2015,13,1
2486,34,Male,56,8,10,10,Standard,Quarterly,3360,4,1
2487,32,Female,25,23,9,25,Standard,Monthly,3442,15,1
2488,44,Female,60,6,1,10,Basic,Quarterly,1904,6,0
2489,37,Female,33,12,5,2,Premium,Annual,1152,9,0
2490,59,Female,35,7,3,13,Standard,Quarterly,4213,27,0
2491,60,Female,4,23,4,27,Standard,Monthly,911,25,0
2492,46,Female,60,16,1,26,Standard,Monthly,3479,13,0
2493,31,Male,48,5,7,18,Basic,Annual,4488,8,1
2494,21,Male,27,10,3,19,Basic,Quarterly,3921,7,1
2495,44,Female,31,1,8,0,Premium,Annual,1403,6,1
2496,33,Male,21,27,7,15,Basic,Quarterly,2824,11,0
2497,60,Female,15,21,4,1,Standard,Annual,4511,13,0
2498,45,Female,10,28,7,20,Premium,Quarterly,963,3,1
2499,59,Female,52,7,1,8,Premium,Quarterly,4153,1,0
2500,60,Female,59,3,3,1,Premium,Annual,2888,19,0
2501,33,Male,38,4,2,26,Standard,Quarterly,4955,20,1
2502,36,Female,8,16,7,14,Premium,Monthly,458,6,0
2503,26,Female,51,1,3,23,Basic,Quarterly,3513,12,1
2504,30,Female,8,8,3,13,Basic,Quarterly,884,29,1
2505,27,Male,46,29,9,19,Basic,Annual,5000,23,1
2506,61,Female,9,10,1,30,Basic,Quarterly,571,17,1
2507,53,Female,9,7,6,11,Basic,Annual,213,15,1
2508,56,Male,21,19,5,9,Premium,Annual,4750,16,1
2509,27,Female,24,8,6,6,Premium,Quarterly,4262,27,0
2510,50,Male,10,26,1,4,Standard,Annual,165,13,0
2511,52,Male,47,16,7,15,Premium,Monthly,2316,21,1
2512,28,Female,16,21,10,9,Standard,Quarterly,3380,13,1
2513,65,Female,40,6,2,9,Standard,Annual,3298,26,0
2514,40,Female,17,20,3,28,Basic,Annual,1903,1,1
2515,52,Female,15,9,4,22,Standard,Annual,4608,14,1
2516,42,Female,56,7,6,17,Premium,Annual,2220,15,1
2517,20,Female,23,22,10,28,Premium,Annual,4591,26,1
2518,53,Female,14,5,0,10,Standard,Monthly,4576,27,1
2519,57,Female,6,26,9,6,Standard,Monthly,785,24,1
2520,48,Male,25,19,0,15,Basic,Annual,1149,19,1
2521,49,Female,8,28,3,14,Premium,Monthly,158,7,1
2522,22,Male,16,26,10,6,Premium,Monthly,3191,11,1
2523,60,Male,34,18,1,18,Standard,Quarterly,2767,2,0
2524,18,Female,59,30,10,15,Basic,Annual,4284,18,1
2525,33,Female,30,16,6,22,Standard,Quarterly,2298,19,1
2526,39,Male,37,25,0,29,Standard,Annual,3885,17,0
2527,51,Male,50,11,8,12,Basic,Quarterly,1953,22,1
2528,33,Male,55,14,2,5,Premium,Monthly,2533,23,0
2529,23,Male,16,9,6,25,Standard,Monthly,1656,10,1
2530,21,Female,56,9,4,10,Basic,Monthly,1741,2,1
2531,50,Female,60,18,4,20,Standard,Quarterly,1297,18,1
2532,18,Male,20,12,7,23,Basic,Quarterly,3139,14,0
2533,29,Female,22,10,0,2,Standard,Monthly,4818,9,1
2534,33,Male,34,2,9,18,Basic,Annual,3942,12,0
2535,39,Male,29,17,9,5,Basic,Annual,4313,19,0
2536,48,Male,40,27,0,14,Standard,Monthly,2599,1,0
2537,45,Male,20,5,10,20,Standard,Annual,2612,8,1
2538,53,Female,42,16,2,19,Basic,Annual,3787,3,1
2539,63,Female,56,3,2,2,Basic,Monthly,3296,14,0
2540,32,Male,60,2,6,18,Basic,Quarterly,2273,16,1
2541,59,Female,24,21,10,16,Premium,Monthly,3371,16,1
2542,32,Male,53,14,4,2,Premium,Annual,1847,14,0
2543,43,Female,33,24,9,1,Basic,Monthly,3783,4,1
2544,29,Female,33,2,4,0,Standard,Annual,2973,13,0
2545,37,Male,14,17,10,16,Basic,Annual,1655,6,0
2546,22,Male,18,13,6,12,Standard,Annual,1847,3,1
2547,65,Female,17,23,2,25,Premium,Monthly,1072,20,1
2548,56,Male,21,15,2,21,Premium,Monthly,4415,25,1
2549,21,Male,37,27,6,5,Standard,Quarterly,4078,21,1
2550,32,Male,54,19,7,5,Premium,Monthly,4869,11,1
2551,35,Male,40,29,4,24,Basic,Monthly,2179,27,1
2552,32,Female,46,6,5,2,Premium,Monthly,1929,3,1
2553,27,Male,12,24,0,3,Basic,Monthly,3162,13,0
2554,42,Female,56,1,0,13,Premium,Monthly,2429,13,1
2555,32,Female,23,22,10,1,Premium,Monthly,4493,10,1
2556,28,Male,44,27,2,16,Basic,Annual,3820,15,1
2557,31,Female,44,13,8,13,Standard,Annual,1300,22,1
2558,56,Female,18,4,1,19,Premium,Quarterly,2165,18,1
2559,28,Male,10,20,9,4,Premium,Annual,965,11,1
2560,38,Female,26,5,1,30,Standard,Monthly,4659,15,1
2561,58,Female,51,24,6,9,Basic,Quarterly,1900,1,1
2562,30,Female,55,21,3,19,Basic,Annual,4373,4,0
2563,28,Male,36,12,0,17,Basic,Monthly,2605,4,1
2564,35,Male,22,7,4,6,Standard,Monthly,4787,11,1
2565,24,Male,53,25,6,20,Basic,Quarterly,3622,25,1
2566,31,Male,23,9,6,2,Premium,Quarterly,3770,6,1
2567,18,Male,54,3,10,19,Standard,Monthly,4813,14,1
2568,23,Female,4,1,9,14,Standard,Quarterly,791,15,1
2569,55,Female,20,22,8,20,Basic,Annual,4828,17,1
2570,39,Male,18,5,1,17,Standard,Quarterly,3322,17,1
2571,57,Female,31,13,0,15,Premium,Quarterly,4859,23,0
2572,25,Female,49,15,4,22,Basic,Quarterly,4480,25,1
2573,39,Male,24,2,2,23,Premium,Annual,1280,16,1
2574,49,Male,43,12,1,10,Basic,Monthly,2276,22,1
2575,48,Female,28,12,9,6,Basic,Annual,2446,6,1
2576,27,Female,43,4,0,14,Standard,Monthly,3941,29,1
2577,50,Female,19,5,2,1,Basic,Annual,1243,19,0
2578,36,Female,42,26,2,26,Premium,Quarterly,3348,23,1
2579,43,Male,39,29,6,18,Premium,Quarterly,3766,1,1
2580,63,Male,25,4,7,11,Premium,Quarterly,2111,6,0
2581,42,Female,45,16,1,15,Basic,Monthly,2443,28,0
2582,58,Female,6,22,3,13,Premium,Monthly,785,23,0
2583,58,Female,37,1,3,17,Premium,Annual,2149,23,0
2584,41,Male,2,25,1,25,Basic,Monthly,407,16,1
2585,42,Male,21,20,8,1,Basic,Monthly,3785,9,0
2586,62,Male,6,25,10,2,Basic,Monthly,223,2,1
2587,46,Male,32,5,9,17,Premium,Annual,1587,27,1
2588,40,Female,15,10,4,27,Premium,Annual,1892,23,1
2589,26,Female,15,1,4,14,Basic,Quarterly,3716,16,0
2590,38,Female,23,15,1,7,Premium,Quarterly,3652,6,1
2591,18,Female,11,25,8,2,Basic,Monthly,902,12,0
2592,29,Female,25,21,10,26,Standard,Annual,2139,21,1
2593,24,Female,56,4,2,4,Standard,Annual,1694,3,0
2594,31,Female,15,23,4,2,Basic,Monthly,3605,27,1
2595,19,Male,47,1,5,9,Premium,Annual,4426,25,0
2596,45,Male,15,2,3,26,Basic,Annual,2611,21,1
2597,40,Female,57,16,0,0,Premium,Annual,2883,30,0
2598,37,Male,45,23,10,17,Standard,Quarterly,1033,17,1
2599,21,Male,26,10,1,3,Standard,Annual,4357,17,0
2600,26,Female,34,18,1,1,Standard,Quarterly,4777,30,0
2601,20,Male,43,11,9,5,Premium,Quarterly,3744,12,1
2602,23,Female,37,28,6,10,Standard,Quarterly,4389,16,1
2603,21,Male,59,4,8,12,Premium,Monthly,2813,21,0
2604,22,Female,9,25,0,23,Standard,Quarterly,786,25,0
2605,55,Male,12,18,3,22,Premium,Quarterly,3612,3,1
2606,56,Female,9,29,1,1,Standard,Quarterly,947,20,0
2607,51,Female,9,6,3,20,Premium,Quarterly,234,22,0
2608,21,Female,58,10,5,30,Premium,Monthly,1564,2,1
2609,65,Female,24,17,2,8,Standard,Annual,3126,12,1
2610,40,Male,39,13,6,7,Standard,Quarterly,2085,4,1
2611,18,Male,10,4,2,10,Basic,Monthly,402,23,0
2612,46,Female,30,15,9,24,Basic,Annual,2715,9,1
2613,47,Female,37,10,2,15,Standard,Monthly,3508,5,1
2614,39,Male,38,27,8,13,Basic,Annual,4753,21,1
2615,56,Male,20,26,4,18,Basic,Monthly,2794,24,1
2616,44,Male,53,17,3,27,Standard,Quarterly,1674,25,1
2617,29,Female,60,24,10,17,Premium,Quarterly,4843,13,1
2618,32,Female,50,21,4,0,Basic,Quarterly,3749,26,1
2619,51,Female,9,20,1,8,Premium,Monthly,293,27,1
2620,28,Female,55,6,6,12,Basic,Annual,4234,6,1
2621,25,Female,40,6,6,13,Premium,Monthly,4280,21,0
2622,56,Female,44,23,8,21,Premium,Monthly,2568,21,1
2623,46,Female,15,5,2,22,Premium,Annual,1723,25,1
2624,62,Female,6,2,7,27,Premium,Monthly,148,3,1
2625,50,Male,59,13,0,20,Premium,Annual,4691,11,1
2626,59,Male,17,17,3,10,Standard,Annual,1721,18,0
2627,55,Male,52,28,3,6,Standard,Monthly,1802,29,1
2628,49,Male,42,13,9,10,Basic,Annual,4699,15,1
2629,24,Male,21,8,0,28,Basic,Quarterly,4452,3,1
2630,53,Female,16,14,9,14,Standard,Monthly,4274,21,1
2631,33,Male,3,23,9,14,Premium,Annual,327,7,1
2632,30,Male,38,11,4,29,Basic,Monthly,4330,21,1
2633,29,Female,8,3,4,13,Basic,Quarterly,397,30,0
2634,37,Female,58,28,6,10,Basic,Quarterly,2227,22,1
2635,52,Female,15,18,0,2,Standard,Monthly,4323,8,1
2636,56,Female,39,18,8,4,Basic,Monthly,1822,30,1
2637,38,Male,55,18,2,18,Premium,Monthly,3003,5,1
2638,54,Male,24,12,7,15,Premium,Quarterly,1832,5,1
2639,43,Male,31,27,0,30,Standard,Monthly,3366,18,1
2640,40,Male,9,20,10,22,Premium,Quarterly,953,14,1
2641,54,Female,7,25,4,7,Premium,Annual,411,24,1
2642,63,Male,4,10,6,4,Premium,Quarterly,651,3,0
2643,56,Female,57,28,1,30,Basic,Monthly,3717,30,1
2644,35,Female,41,8,2,30,Standard,Monthly,3737,6,1
2645,63,Female,40,12,1,5,Standard,Monthly,4319,6,1
2646,53,Male,33,14,1,22,Premium,Quarterly,1607,8,1
2647,57,Male,50,4,4,22,Standard,Monthly,4537,29,1
2648,40,Male,18,12,7,17,Standard,Monthly,3566,27,1
2649,32,Female,50,14,1,30,Premium,Monthly,2555,25,0
2650,22,Female,14,30,10,18,Basic,Monthly,4436,26,0
2651,39,Male,53,28,6,29,Basic,Monthly,1968,14,1
2652,41,Male,32,5,2,11,Premium,Annual,3680,30,0
2653,45,Male,49,3,6,22,Basic,Annual,4296,19,1
2654,45,Female,37,17,8,9,Standard,Annual,3981,3,1
2655,42,Female,26,16,2,15,Standard,Quarterly,2635,24,0
2656,29,Female,24,10,3,9,Premium,Annual,1039,3,0
2657,22,Female,47,8,10,24,Premium,Monthly,2809,28,0
2658,20,Female,1,12,4,16,Basic,Monthly,790,29,1
2659,62,Male,53,1,5,6,Standard,Annual,1551,30,0
2660,23,Male,3,3,0,1,Standard,Quarterly,126,25,0
2661,51,Female,16,14,8,14,Standard,Quarterly,2307,12,0
2662,41,Female,45,12,8,6,Premium,Quarterly,2209,2,0
2663,62,Female,7,23,2,16,Premium,Quarterly,912,30,1
2664,35,Female,2,26,2,5,Basic,Monthly,966,20,1
2665,56,Male,32,11,6,24,Basic,Monthly,1421,28,0
2666,61,Male,35,27,0,15,Standard,Annual,4736,4,0
2667,65,Female,53,29,1,17,Premium,Monthly,3833,5,1
2668,65,Male,44,20,9,2,Standard,Quarterly,1532,13,1
2669,24,Male,38,7,0,14,Premium,Annual,4891,23,0
2670,27,Female,14,18,6,13,Premium,Quarterly,4087,29,1
2671,28,Male,16,26,8,28,Premium,Monthly,3081,19,0
2672,38,Male,7,14,1,16,Basic,Annual,305,11,0
2673,64,Male,40,20,4,26,Basic,Monthly,1410,24,1
2674,55,Female,8,29,6,12,Premium,Monthly,255,22,0
2675,39,Female,9,12,8,22,Premium,Monthly,470,8,0
2676,49,Male,29,7,8,20,Basic,Annual,2490,12,1
2677,54,Female,55,29,4,17,Premium,Annual,4881,15,1
2678,30,Female,5,29,5,11,Standard,Annual,787,15,0
2679,50,Female,20,10,5,10,Basic,Monthly,3430,8,1
2680,31,Male,17,27,8,30,Standard,Monthly,1915,6,0
2681,65,Female,57,8,6,14,Standard,Quarterly,3926,17,0
2682,59,Male,38,7,8,8,Basic,Annual,4276,23,0
2683,53,Male,11,7,6,1,Basic,Quarterly,263,4,1
2684,25,Female,5,9,8,8,Standard,Quarterly,104,23,0
2685,58,Male,44,4,2,27,Basic,Quarterly,2628,11,0
2686,59,Male,42,27,7,4,Premium,Monthly,4386,5,1
2687,49,Female,21,21,1,2,Premium,Quarterly,1849,2,0
2688,46,Female,59,14,8,11,Standard,Quarterly,1463,23,1
2689,51,Male,47,22,5,12,Basic,Annual,3413,11,0
2690,61,Female,33,17,9,16,Premium,Monthly,4613,2,0
2691,20,Male,24,12,4,18,Basic,Annual,2049,9,1
2692,41,Male,24,21,7,26,Basic,Annual,2881,13,1
2693,55,Female,6,21,0,4,Premium,Quarterly,119,27,0
2694,60,Male,6,10,6,28,Standard,Monthly,383,27,1
2695,63,Male,31,27,6,7,Premium,Quarterly,3983,6,0
2696,19,Male,7,23,0,9,Premium,Monthly,529,9,1
2697,20,Male,38,12,2,9,Basic,Monthly,2808,15,1
2698,62,Female,46,19,10,4,Basic,Monthly,2608,21,0
2699,52,Female,47,28,9,7,Basic,Quarterly,4609,10,1
2700,33,Female,54,11,2,0,Basic,Monthly,1792,29,0
2701,38,Male,21,6,0,25,Standard,Annual,3968,14,0
2702,20,Male,18,14,3,24,Premium,Monthly,3477,2,1
2703,37,Male,1,26,2,14,Basic,Annual,413,7,0
2704,64,Female,15,24,8,4,Premium,Monthly,1591,8,1
2705,55,Female,26,2,3,30,Standard,Quarterly,1197,1,0
2706,63,Male,49,17,4,14,Premium,Annual,2460,9,0
2707,55,Female,7,8,4,8,Premium,Monthly,221,24,0
2708,58,Male,54,10,3,1,Standard,Annual,4945,17,0
2709,56,Male,38,11,4,13,Standard,Quarterly,4039,8,0
2710,26,Male,41,27,6,7,Premium,Monthly,3926,29,1
2711,55,Male,45,1,7,30,Standard,Quarterly,1342,10,1
2712,40,Female,48,17,7,11,Standard,Monthly,4499,26,0
2713,42,Male,39,21,6,8,Basic,Quarterly,4908,23,1
2714,52,Female,5,10,0,22,Standard,Annual,539,10,0
2715,22,Female,28,26,5,29,Premium,Quarterly,1909,4,1
2716,64,Male,57,30,8,7,Standard,Quarterly,2185,20,0
2717,51,Female,28,18,6,16,Premium,Quarterly,4912,24,1
2718,42,Female,32,14,7,18,Standard,Monthly,1692,6,1
2719,63,Male,27,8,4,8,Basic,Annual,1604,2,0
2720,46,Male,11,28,0,0,Premium,Annual,929,8,0
2721,20,Female,10,26,3,2,Standard,Quarterly,127,9,0
2722,54,Female,10,27,3,13,Standard,Monthly,183,30,1
2723,65,Female,17,30,10,3,Premium,Quarterly,2793,2,1
2724,60,Male,1,2,0,1,Standard,Annual,555,14,0
2725,23,Female,39,16,10,11,Standard,Quarterly,4413,1,1
2726,31,Female,42,29,6,20,Basic,Annual,1404,28,1
2727,47,Male,17,27,9,3,Premium,Monthly,4318,20,0
2728,26,Male,24,3,9,12,Standard,Annual,1454,4,1
2729,48,Male,25,12,9,4,Standard,Quarterly,2852,1,1
2730,29,Female,43,23,6,15,Basic,Quarterly,1704,23,1
2731,26,Male,28,9,1,29,Premium,Monthly,4901,18,1
2732,52,Female,33,15,9,1,Standard,Monthly,1098,21,1
2733,30,Male,42,5,4,19,Premium,Monthly,2819,6,1
2734,31,Male,34,27,10,10,Standard,Quarterly,4787,18,1
2735,59,Male,26,15,8,26,Premium,Annual,4602,15,1
2736,61,Male,23,29,7,12,Basic,Monthly,4092,2,0
2737,18,Female,8,15,7,11,Basic,Monthly,148,17,1
2738,53,Female,51,23,2,21,Basic,Quarterly,1680,25,1
2739,18,Male,51,7,6,24,Premium,Monthly,2582,25,1
2740,30,Female,27,26,1,23,Premium,Quarterly,3035,18,0
2741,18,Female,35,28,7,19,Premium,Monthly,4615,23,1
2742,25,Female,55,21,1,28,Premium,Annual,2081,1,1
2743,28,Male,58,7,7,7,Basic,Monthly,1079,1,1
2744,55,Female,8,10,8,26,Basic,Monthly,672,17,1
2745,55,Female,15,1,0,19,Basic,Monthly,1133,14,0
2746,57,Female,20,26,5,27,Premium,Quarterly,4761,19,1
2747,58,Female,23,12,8,7,Standard,Annual,4042,23,1
2748,44,Female,17,8,10,7,Basic,Monthly,1172,2,1
2749,62,Female,50,11,10,14,Basic,Annual,4103,13,1
2750,28,Female,39,19,7,28,Premium,Annual,2601,8,1
2751,23,Male,25,3,4,2,Standard,Quarterly,4991,9,0
2752,64,Female,56,23,7,12,Standard,Monthly,2042,27,1
2753,27,Female,57,28,2,5,Basic,Annual,4693,8,0
2754,39,Male,46,21,6,11,Standard,Monthly,2114,20,1
2755,20,Female,16,23,1,6,Basic,Monthly,2592,24,1
2756,26,Female,14,7,1,12,Standard,Monthly,3383,29,1
2757,56,Male,29,11,9,26,Premium,Monthly,2353,5,1
2758,45,Female,5,15,0,30,Premium,Monthly,145,9,1
2759,51,Female,6,18,4,10,Basic,Monthly,406,8,1
2760,24,Male,41,16,0,23,Standard,Monthly,2052,24,1
2761,24,Male,3,5,7,6,Standard,Annual,150,3,1
2762,36,Female,16,23,9,25,Standard,Quarterly,2823,15,0
2763,55,Male,18,12,9,29,Basic,Monthly,3563,13,1
2764,29,Male,4,1,4,23,Basic,Annual,662,14,0
2765,57,Female,24,22,9,11,Premium,Monthly,1626,18,1
2766,62,Male,17,10,3,14,Premium,Monthly,3750,29,1
2767,45,Female,52,20,3,22,Basic,Quarterly,2189,20,1
2768,39,Male,36,3,9,14,Premium,Quarterly,3888,14,1
2769,31,Male,51,16,7,27,Standard,Quarterly,3555,30,1
2770,29,Female,56,8,9,22,Basic,Quarterly,2746,27,1
2771,34,Female,38,17,3,19,Standard,Annual,1746,7,1
2772,51,Female,16,6,0,15,Standard,Annual,2108,20,0
2773,28,Female,39,23,5,21,Standard,Quarterly,3454,23,1
2774,38,Male,18,4,7,16,Standard,Monthly,3330,9,0
2775,54,Male,34,8,9,18,Standard,Quarterly,2584,16,1
2776,57,Female,29,8,8,27,Premium,Annual,2214,17,0
2777,53,Male,32,11,0,10,Standard,Annual,3043,4,0
2778,24,Male,57,10,0,22,Basic,Annual,3304,10,1
2779,34,Female,58,11,4,9,Standard,Quarterly,4165,30,0
2780,64,Male,7,12,2,25,Basic,Annual,527,15,1
2781,36,Female,19,9,8,5,Standard,Monthly,1500,17,1
2782,34,Male,35,9,10,21,Standard,Monthly,2238,9,1
2783,63,Female,37,1,6,19,Premium,Annual,2370,16,1
2784,57,Male,35,22,9,24,Standard,Annual,4392,20,0
2785,62,Female,50,24,2,2,Standard,Annual,2426,17,0
2786,18,Female,6,19,1,2,Standard,Quarterly,845,1,0
2787,60,Female,43,26,3,5,Standard,Monthly,1895,30,1
2788,48,Male,36,27,10,26,Premium,Quarterly,2923,24,0
2789,65,Female,29,19,9,7,Basic,Annual,3269,25,1
2790,51,Male,1,19,0,10,Premium,Annual,488,17,1
2791,48,Female,25,14,1,15,Basic,Quarterly,1643,2,0
2792,34,Female,22,12,2,24,Premium,Monthly,4923,7,0
2793,40,Male,29,11,8,7,Standard,Quarterly,2425,6,1
2794,37,Female,9,24,0,28,Standard,Annual,211,10,0
2795,31,Female,28,26,8,23,Basic,Monthly,1460,10,1
2796,65,Female,33,9,10,24,Standard,Monthly,1820,17,1
2797,54,Female,22,6,1,14,Basic,Monthly,2497,3,0
2798,46,Female,8,27,2,22,Basic,Annual,117,11,1
2799,22,Male,1,22,4,10,Standard,Annual,394,21,0
2800,29,Male,16,11,6,19,Basic,Annual,4136,21,1
2801,62,Female,2,13,0,21,Basic,Monthly,673,5,1
2802,30,Female,27,11,5,26,Premium,Annual,4419,11,1
2803,53,Female,12,13,2,1,Basic,Monthly,1030,19,0
2804,31,Female,39,2,3,24,Premium,Annual,4795,13,1
2805,39,Male,55,21,2,20,Basic,Monthly,3703,26,1
2806,40,Male,21,23,1,19,Standard,Quarterly,1710,3,1
2807,49,Male,31,4,3,29,Premium,Monthly,1266,23,0
2808,55,Male,52,13,1,23,Premium,Annual,2277,14,1
2809,59,Female,53,7,5,8,Standard,Monthly,4387,7,1
2810,42,Female,45,23,4,9,Basic,Annual,4821,17,0
2811,31,Male,20,24,4,20,Basic,Monthly,2740,10,0
2812,18,Female,28,2,8,11,Standard,Monthly,3051,18,1
2813,61,Female,15,20,0,14,Standard,Annual,4519,15,0
2814,65,Male,30,4,0,2,Standard,Quarterly,1503,18,0
2815,33,Male,43,1,7,19,Standard,Quarterly,3552,16,1
2816,30,Female,48,13,8,22,Standard,Annual,4480,16,0
2817,45,Female,13,17,2,13,Premium,Monthly,4600,2,0
2818,37,Female,24,26,6,2,Premium,Monthly,3410,20,1
2819,51,Female,30,27,7,13,Premium,Monthly,3462,18,1
2820,61,Female,11,19,1,10,Premium,Quarterly,359,26,0
2821,41,Female,52,17,9,23,Standard,Monthly,3681,8,1
2822,25,Male,37,13,7,22,Basic,Monthly,3232,9,1
2823,33,Female,37,5,4,29,Standard,Monthly,3907,25,1
2824,50,Male,54,10,1,4,Standard,Quarterly,2224,30,0
2825,19,Female,24,15,5,7,Basic,Annual,4421,13,0
2826,45,Male,18,7,7,22,Basic,Monthly,3789,23,1
2827,63,Male,58,14,0,3,Standard,Quarterly,4658,9,0
2828,30,Female,59,22,8,11,Basic,Monthly,4436,14,1
2829,41,Male,26,18,10,7,Standard,Quarterly,4314,29,1
2830,26,Male,3,26,10,7,Standard,Annual,739,14,1
2831,33,Female,14,25,0,26,Basic,Monthly,2536,3,0
2832,41,Female,58,3,0,16,Basic,Annual,2303,15,1
2833,25,Female,52,21,8,23,Premium,Annual,3222,1,1
2834,62,Female,38,3,0,27,Premium,Monthly,2763,27,0
2835,26,Female,44,8,3,14,Basic,Monthly,4719,9,1
2836,62,Male,32,25,1,23,Basic,Quarterly,2230,9,0
2837,60,Male,18,6,9,21,Premium,Monthly,2822,22,1
2838,27,Male,12,20,3,10,Premium,Monthly,3348,20,1
2839,35,Male,32,8,6,13,Standard,Annual,3871,18,0
2840,43,Female,7,15,10,2,Premium,Quarterly,885,1,1
2841,51,Female,36,13,3,21,Basic,Annual,4880,25,0
2842,49,Female,37,27,4,11,Basic,Monthly,3379,24,1
2843,42,Female,42,6,3,10,Premium,Quarterly,1222,1,0
2844,63,Female,7,20,0,0,Standard,Quarterly,699,20,0
2845,24,Female,32,1,5,8,Premium,Quarterly,2667,15,0
2846,35,Male,42,17,9,2,Standard,Monthly,2610,17,0
2847,48,Female,26,27,0,0,Basic,Annual,2609,10,0
2848,63,Male,56,28,2,3,Premium,Annual,2431,26,0
2849,58,Male,29,2,1,18,Basic,Quarterly,2987,6,1
2850,56,Male,37,28,3,12,Premium,Quarterly,2197,25,1
2851,46,Male,21,10,8,28,Premium,Annual,1588,22,1
2852,26,Female,46,6,7,27,Basic,Monthly,2830,13,1
2853,21,Male,26,13,8,19,Premium,Monthly,1983,3,0
2854,46,Male,39,20,4,24,Standard,Annual,3119,10,1
2855,28,Female,19,12,7,3,Premium,Monthly,4592,29,1
2856,46,Female,4,1,4,8,Basic,Quarterly,393,26,0
2857,43,Male,30,21,5,30,Standard,Quarterly,4266,30,1
2858,20,Male,14,9,4,23,Premium,Quarterly,1637,27,0
2859,63,Female,7,24,7,14,Basic,Annual,979,10,1
2860,43,Female,53,12,6,25,Basic,Monthly,2482,21,1
2861,55,Male,28,22,8,18,Standard,Annual,2681,12,0
2862,47,Female,25,3,2,17,Basic,Annual,2790,28,0
2863,59,Female,50,29,0,1,Basic,Monthly,2546,30,1
2864,21,Male,42,6,7,20,Basic,Quarterly,1237,30,0
2865,49,Male,51,25,3,7,Standard,Annual,4604,9,0
2866,19,Male,34,15,9,10,Premium,Monthly,4957,21,1
2867,55,Male,27,29,1,8,Basic,Quarterly,4314,30,0
2868,39,Female,45,7,2,22,Basic,Monthly,1838,28,1
2869,25,Female,53,30,0,22,Premium,Quarterly,4644,12,0
2870,20,Male,17,6,9,1,Standard,Annual,2495,8,1
2871,62,Female,37,26,6,15,Premium,Monthly,2780,1,1
2872,62,Female,27,29,4,14,Standard,Quarterly,3265,24,0
2873,53,Female,41,15,7,28,Premium,Annual,1772,23,1
2874,24,Male,32,4,10,10,Premium,Monthly,4447,19,1
2875,33,Female,22,1,4,10,Premium,Annual,1684,13,1
2876,55,Male,30,27,1,28,Premium,Monthly,4571,19,1
2877,40,Male,36,1,5,19,Premium,Annual,2520,29,1
2878,63,Female,42,26,0,27,Premium,Quarterly,2383,15,1
2879,41,Male,45,21,2,19,Premium,Annual,2317,2,1
2880,61,Male,45,5,5,23,Standard,Monthly,1422,16,1
2881,24,Male,46,11,9,26,Standard,Monthly,2685,26,1
2882,64,Female,56,28,6,27,Standard,Monthly,1524,13,0
2883,50,Male,27,11,9,3,Standard,Annual,4950,1,1
2884,42,Male,48,13,1,8,Standard,Annual,3752,1,0
2885,33,Male,14,14,5,29,Premium,Monthly,1260,29,1
2886,18,Female,58,17,8,8,Basic,Monthly,2987,16,1
2887,43,Female,50,2,0,17,Basic,Quarterly,1982,7,0
2888,29,Male,26,13,3,7,Basic,Monthly,1724,20,1
2889,23,Female,3,14,3,12,Basic,Annual,598,17,0
2890,33,Male,53,15,1,27,Premium,Monthly,3686,16,0
2891,37,Male,8,23,10,1,Basic,Annual,838,18,1
2892,32,Male,55,6,0,0,Basic,Quarterly,1833,24,0
2893,54,Male,17,10,7,26,Basic,Annual,4121,30,0
2894,34,Male,4,20,0,13,Premium,Annual,449,30,0
2895,56,Female,43,19,8,11,Basic,Monthly,1620,9,1
2896,22,Female,28,19,5,25,Premium,Monthly,1881,11,1
2897,31,Male,47,17,8,15,Premium,Annual,2765,22,0
2898,40,Male,48,30,10,4,Standard,Monthly,1545,4,1
2899,34,Male,60,22,7,1,Basic,Annual,1107,24,1
2900,53,Male,41,16,0,27,Premium,Quarterly,1103,22,1
2901,49,Female,23,2,10,11,Premium,Monthly,3086,8,1
2902,45,Female,8,11,1,24,Premium,Annual,445,21,1
2903,41,Male,20,8,10,13,Basic,Monthly,1376,9,0
2904,44,Female,6,7,1,3,Standard,Annual,323,2,0
2905,25,Female,19,21,5,25,Basic,Annual,4907,1,0
2906,25,Female,9,19,9,3,Premium,Quarterly,975,4,1
2907,23,Male,6,7,10,6,Basic,Annual,204,8,1
2908,60,Female,43,17,4,12,Premium,Monthly,3422,28,1
2909,18,Male,58,8,7,3,Basic,Quarterly,1232,23,1
2910,64,Female,58,13,1,20,Basic,Monthly,3352,17,0
2911,30,Male,54,3,4,24,Standard,Quarterly,4740,27,0
2912,25,Male,56,2,7,29,Basic,Annual,1531,1,0
2913,34,Female,3,11,0,21,Premium,Annual,436,15,1
2914,60,Male,58,22,1,13,Standard,Annual,2001,2,0
2915,46,Male,51,23,6,26,Premium,Monthly,1782,23,0
2916,38,Female,21,19,8,19,Premium,Annual,1460,19,1
2917,63,Male,7,23,1,20,Basic,Quarterly,645,26,0
2918,62,Male,21,13,2,14,Standard,Monthly,3116,25,0
2919,21,Male,16,16,7,25,Premium,Monthly,4936,28,0
2920,24,Female,39,23,9,5,Basic,Quarterly,3777,25,1
2921,65,Female,37,10,8,5,Basic,Quarterly,1298,11,1
2922,46,Female,7,29,0,0,Premium,Monthly,825,19,1
2923,61,Female,45,20,9,25,Basic,Monthly,4703,21,1
2924,18,Female,39,25,2,11,Basic,Monthly,2094,28,1
2925,29,Male,2,25,1,9,Standard,Monthly,181,11,1
2926,22,Male,26,7,2,12,Standard,Annual,2493,14,0
2927,28,Female,23,21,10,12,Basic,Monthly,2132,6,0
2928,63,Male,27,11,10,16,Premium,Annual,3035,30,0
2929,57,Male,7,24,1,20,Premium,Monthly,744,18,1
2930,59,Male,17,22,1,27,Standard,Monthly,3596,22,1
2931,35,Female,45,6,0,16,Basic,Monthly,2005,25,1
2932,27,Male,29,14,6,19,Basic,Annual,3547,10,1
2933,51,Female,57,9,8,30,Basic,Monthly,3985,5,1
2934,48,Female,8,19,8,0,Basic,Monthly,855,8,1
2935,41,Female,32,26,0,8,Premium,Quarterly,1564,18,0
2936,27,Male,58,21,8,18,Premium,Monthly,4476,21,1
2937,43,Female,17,30,2,8,Premium,Quarterly,1792,15,0
2938,33,Male,23,6,9,11,Premium,Annual,3892,22,1
2939,23,Male,57,9,9,8,Basic,Quarterly,1687,14,1
2940,43,Male,38,30,6,30,Standard,Monthly,1849,17,1
2941,31,Male,19,19,5,30,Standard,Quarterly,3306,15,0
2942,29,Male,32,5,4,12,Basic,Quarterly,2728,20,0
2943,38,Female,32,30,2,23,Standard,Annual,3769,29,1
2944,53,Female,46,30,7,19,Standard,Annual,3830,3,0
2945,53,Female,4,3,10,20,Basic,Quarterly,748,7,1
2946,56,Male,25,28,9,9,Standard,Annual,4610,9,1
2947,33,Female,49,5,4,0,Standard,Annual,1848,14,0
2948,23,Female,43,22,9,21,Standard,Monthly,1743,4,1
2949,29,Female,39,12,8,24,Standard,Quarterly,2810,27,0
2950,53,Male,5,9,5,27,Basic,Monthly,439,16,1
2951,37,Female,37,29,3,15,Premium,Monthly,3249,23,1
2952,60,Female,20,20,5,5,Premium,Quarterly,1372,8,0
2953,45,Male,56,22,8,15,Standard,Monthly,1905,24,0
2954,59,Male,24,14,10,12,Basic,Quarterly,3462,26,0
2955,52,Male,12,17,0,26,Basic,Monthly,2360,8,1
2956,33,Male,7,13,7,22,Premium,Monthly,763,18,1
2957,47,Male,10,27,9,21,Standard,Monthly,509,4,0
2958,40,Male,45,1,10,12,Standard,Annual,1880,20,1
2959,61,Female,55,8,2,6,Basic,Annual,1845,28,0
2960,33,Male,25,4,1,28,Premium,Quarterly,4160,11,0
2961,36,Male,14,6,4,23,Standard,Monthly,4170,13,0
2962,38,Male,6,7,0,21,Basic,Annual,890,9,1
2963,35,Female,12,29,10,3,Standard,Quarterly,1497,2,1
2964,21,Male,22,27,8,6,Standard,Monthly,1745,28,1
2965,32,Male,3,9,6,16,Basic,Monthly,170,1,0
2966,62,Male,16,2,3,18,Basic,Monthly,3322,2,1
2967,43,Male,11,2,8,29,Standard,Monthly,147,4,1
2968,46,Male,43,22,10,19,Premium,Annual,4338,13,1
2969,46,Male,48,2,9,1,Premium,Monthly,2312,11,0
2970,46,Female,47,10,6,28,Premium,Monthly,4199,11,1
2971,43,Male,24,13,9,20,Basic,Quarterly,4256,22,1
2972,45,Male,42,23,7,14,Basic,Quarterly,2652,4,1
2973,65,Male,27,24,0,20,Basic,Annual,2699,24,0
2974,45,Female,57,5,3,7,Premium,Monthly,4811,9,1
2975,21,Male,52,11,8,5,Premium,Quarterly,2801,20,0
2976,55,Female,59,4,3,23,Basic,Monthly,2303,22,1
2977,25,Male,23,23,2,15,Premium,Annual,1810,2,0
2978,61,Male,51,4,6,14,Premium,Monthly,4189,26,1
2979,43,Male,30,13,10,12,Basic,Quarterly,2133,4,1
2980,24,Female,1,28,5,9,Standard,Annual,627,28,0
2981,30,Male,15,2,10,25,Premium,Annual,3886,14,1
2982,52,Female,60,26,3,1,Basic,Annual,4923,13,0
2983,52,Male,33,30,8,7,Standard,Monthly,3542,15,1
2984,27,Male,26,10,8,18,Premium,Annual,4706,14,1
2985,52,Female,41,26,2,14,Premium,Monthly,1584,16,1
2986,39,Male,29,9,1,13,Premium,Quarterly,3169,1,0
2987,28,Female,16,11,10,4,Standard,Annual,1012,13,1
2988,60,Male,1,9,4,11,Premium,Annual,143,19,0
2989,50,Male,41,5,8,25,Basic,Annual,1672,16,0
2990,40,Female,41,29,6,1,Premium,Annual,3571,4,0
2991,26,Female,10,30,1,5,Standard,Annual,642,22,0
2992,18,Male,29,26,6,26,Premium,Quarterly,4939,15,0
2993,49,Female,29,7,6,7,Premium,Quarterly,4288,29,1
2994,36,Female,28,19,6,22,Basic,Quarterly,1902,22,0
2995,61,Male,12,12,6,2,Basic,Quarterly,1141,20,1
2996,49,Male,42,3,1,29,Premium,Quarterly,4252,17,0
2997,29,Female,56,8,0,28,Standard,Quarterly,1328,6,1
2998,32,Male,1,8,8,23,Standard,Monthly,298,18,1
2999,52,Male,4,12,1,6,Standard,Quarterly,347,13,0
3000,62,Male,34,29,3,21,Standard,Quarterly,4591,11,1
3001,31,Female,1,3,10,8,Standard,Monthly,319,1,1
3002,63,Female,18,20,6,29,Basic,Annual,3924,22,1
3003,50,Female,13,5,4,20,Premium,Monthly,3991,10,1
3004,63,Male,46,26,5,12,Basic,Annual,2883,9,0
3005,22,Female,34,10,0,2,Premium,Annual,2343,25,0
3006,27,Male,36,4,6,16,Premium,Annual,1781,21,1
3007,27,Male,58,8,7,9,Premium,Quarterly,2109,5,0
3008,23,Female,32,18,2,4,Premium,Quarterly,4976,28,0
3009,55,Female,60,2,6,24,Premium,Annual,2881,11,0
3010,30,Female,33,30,0,28,Premium,Quarterly,1818,21,1
3011,37,Female,43,15,2,24,Premium,Monthly,4825,18,0
3012,33,Male,5,23,6,5,Basic,Annual,457,3,0
3013,30,Male,31,1,0,30,Standard,Monthly,1179,23,1
3014,37,Female,23,2,6,24,Basic,Annual,4257,19,1
3015,59,Female,58,23,7,13,Premium,Annual,1917,14,0
3016,38,Female,38,15,0,9,Standard,Monthly,1007,7,1
3017,61,Male,13,24,2,13,Basic,Monthly,1873,1,1
3018,38,Male,1,6,10,18,Standard,Quarterly,666,5,0
3019,44,Male,44,28,2,23,Premium,Monthly,4387,14,0
3020,41,Female,59,10,6,27,Standard,Annual,3523,26,0
3021,41,Female,40,10,5,9,Standard,Quarterly,4434,22,1
3022,49,Male,12,2,2,30,Basic,Monthly,2207,17,1
3023,57,Male,46,19,10,21,Premium,Annual,1153,23,0
3024,39,Male,27,24,8,30,Basic,Monthly,4691,8,1
3025,54,Male,48,27,5,14,Standard,Annual,2896,3,0
3026,30,Male,40,21,10,30,Premium,Annual,2193,19,1
3027,34,Female,46,18,4,21,Basic,Monthly,2020,7,0
3028,57,Female,21,20,5,12,Basic,Annual,3283,18,0
3029,22,Male,36,30,10,23,Premium,Quarterly,4004,10,1
3030,64,Female,17,20,2,16,Premium,Monthly,2715,8,1
3031,26,Female,59,3,7,6,Basic,Quarterly,4308,3,0
3032,48,Male,34,18,4,8,Premium,Annual,4146,11,0
3033,31,Male,18,23,6,26,Premium,Quarterly,3522,17,1
3034,23,Male,10,30,1,13,Standard,Quarterly,827,13,1
3035,48,Male,34,12,8,25,Standard,Quarterly,1785,16,1
3036,20,Male,25,10,0,22,Standard,Annual,2484,26,0
3037,47,Male,28,15,5,7,Basic,Monthly,1271,21,1
3038,59,Female,1,26,10,25,Standard,Quarterly,662,24,1
3039,54,Male,30,7,1,14,Basic,Quarterly,1354,29,0
3040,22,Male,49,11,9,22,Basic,Quarterly,4817,1,1
3041,50,Male,38,12,0,0,Basic,Monthly,3594,10,1
3042,30,Male,18,8,3,15,Standard,Quarterly,1844,7,0
3043,61,Male,51,7,6,21,Basic,Monthly,2474,3,1
3044,50,Female,34,17,2,14,Standard,Quarterly,1532,22,0
3045,20,Female,38,17,5,19,Standard,Quarterly,1228,11,1
3046,64,Female,31,8,3,26,Premium,Monthly,3275,9,1
3047,51,Female,8,11,10,3,Basic,Annual,968,15,0
3048,53,Female,13,20,7,30,Standard,Monthly,3233,5,1
3049,63,Female,58,14,0,28,Standard,Annual,3980,30,0
3050,26,Male,60,19,4,17,Premium,Monthly,3505,28,0
3051,30,Male,49,19,3,25,Premium,Annual,1411,26,1
3052,50,Male,30,15,3,24,Standard,Quarterly,1388,3,1
3053,18,Male,46,20,10,18,Premium,Annual,4242,22,0
3054,31,Male,17,24,2,13,Standard,Quarterly,4011,18,0
3055,63,Male,30,13,4,30,Premium,Quarterly,2518,16,1
3056,62,Female,26,7,1,23,Standard,Annual,1807,3,1
3057,59,Male,28,28,7,27,Premium,Annual,2831,9,1
3058,48,Male,42,4,4,6,Basic,Quarterly,2258,19,0
3059,20,Female,32,16,6,0,Standard,Annual,3972,15,1
3060,50,Female,40,6,1,12,Basic,Annual,3460,16,0
3061,44,Male,29,30,0,14,Standard,Quarterly,3630,13,1
3062,21,Female,13,17,6,24,Premium,Quarterly,4248,16,1
3063,30,Male,16,25,5,24,Basic,Monthly,1375,12,0
3064,33,Female,9,20,2,5,Standard,Monthly,762,14,0
3065,35,Male,57,9,1,25,Standard,Monthly,1970,17,1
3066,20,Male,13,12,8,28,Premium,Monthly,3732,5,1
3067,37,Male,2,14,2,17,Standard,Annual,596,11,1
3068,41,Male,26,21,1,29,Standard,Monthly,3392,18,1
3069,55,Male,31,2,10,1,Basic,Quarterly,1752,23,0
3070,20,Male,52,22,7,4,Basic,Annual,1725,27,1
3071,44,Female,49,8,3,22,Basic,Annual,4855,27,0
3072,32,Female,27,22,1,8,Premium,Annual,2937,25,0
3073,36,Female,24,27,10,17,Premium,Quarterly,4228,8,1
3074,28,Male,50,15,10,28,Premium,Annual,3262,15,1
3075,51,Male,7,28,8,9,Premium,Monthly,574,19,0
3076,41,Female,50,4,4,3,Standard,Annual,1722,17,1
3077,21,Female,33,17,10,3,Basic,Monthly,4256,24,1
3078,46,Female,51,10,9,17,Basic,Monthly,1318,27,1
3079,26,Female,14,16,3,17,Premium,Annual,2850,27,1
3080,39,Male,13,1,1,27,Standard,Monthly,3703,30,1
3081,51,Female,23,6,0,10,Basic,Annual,3447,30,1
3082,65,Male,14,16,1,2,Basic,Monthly,3752,29,1
3083,46,Male,47,15,2,20,Standard,Quarterly,4180,6,1
3084,27,Male,56,12,10,11,Basic,Quarterly,4548,5,1
3085,61,Male,42,26,2,12,Basic,Annual,3929,22,0
3086,59,Female,19,20,3,14,Standard,Annual,2943,13,0
3087,32,Female,60,13,2,5,Standard,Annual,1036,25,1
3088,30,Female,42,9,3,11,Basic,Quarterly,1720,26,0
3089,20,Male,48,3,10,9,Premium,Annual,3151,29,1
3090,43,Male,51,17,3,3,Standard,Monthly,1202,8,1
3091,43,Male,24,3,5,16,Standard,Monthly,3089,6,1
3092,59,Male,58,26,4,16,Standard,Annual,4826,15,1
3093,58,Female,54,12,0,7,Basic,Quarterly,1835,18,0
3094,46,Female,40,24,8,12,Premium,Annual,1332,22,1
3095,56,Female,5,12,1,0,Basic,Annual,906,16,0
3096,53,Male,3,15,8,18,Standard,Quarterly,750,16,0
3097,45,Female,60,20,4,16,Standard,Monthly,4701,2,1
3098,43,Male,37,21,2,10,Premium,Annual,2781,8,0
3099,33,Male,49,19,1,10,Basic,Monthly,3989,3,1
3100,28,Female,43,11,3,8,Standard,Quarterly,1923,23,0
3101,32,Female,20,25,2,21,Standard,Annual,4092,20,1
3102,31,Female,15,27,7,9,Premium,Annual,2170,2,1
3103,20,Male,18,15,3,18,Standard,Quarterly,1652,11,1
3104,50,Male,58,2,3,11,Basic,Quarterly,3071,1,0
3105,52,Female,13,22,6,6,Standard,Quarterly,2294,24,1
3106,20,Female,50,19,0,30,Basic,Annual,2828,17,1
3107,33,Male,55,28,4,5,Premium,Quarterly,1154,18,0
3108,53,Male,37,27,6,9,Premium,Monthly,2367,21,1
3109,59,Male,11,28,3,30,Premium,Quarterly,337,9,1
3110,34,Male,52,17,8,6,Standard,Quarterly,2440,3,1
3111,59,Male,24,3,0,3,Standard,Annual,2156,21,0
3112,45,Female,54,14,2,0,Basic,Monthly,3430,1,1
3113,33,Female,2,18,10,28,Standard,Monthly,366,25,1
3114,56,Male,43,11,4,22,Standard,Quarterly,3967,10,0
3115,31,Female,41,19,4,0,Basic,Annual,4178,9,0
3116,46,Male,21,30,9,23,Premium,Monthly,2000,6,0
3117,24,Female,46,22,10,29,Standard,Monthly,4203,27,0
3118,24,Male,35,18,8,1,Premium,Quarterly,1031,11,1
3119,54,Male,41,3,10,21,Standard,Annual,3679,30,1
3120,29,Male,31,5,2,20,Premium,Monthly,3374,19,1
3121,50,Female,55,19,5,30,Basic,Annual,4022,27,0
3122,27,Male,22,20,8,30,Premium,Monthly,3919,19,1
3123,52,Female,2,16,7,4,Premium,Quarterly,182,21,0
3124,57,Female,53,1,10,16,Basic,Annual,2614,27,1
3125,61,Female,46,20,9,6,Premium,Annual,3502,1,1
3126,57,Female,47,16,3,11,Basic,Monthly,3773,25,0
3127,19,Female,27,2,6,8,Basic,Monthly,2055,25,1
3128,29,Male,17,4,2,27,Basic,Quarterly,3554,22,1
3129,31,Male,56,1,1,1,Standard,Quarterly,1842,1,0
3130,24,Female,2,19,7,0,Basic,Annual,999,22,0
3131,65,Male,31,2,7,9,Standard,Quarterly,2946,25,0
3132,53,Male,45,5,10,15,Premium,Monthly,1916,27,1
3133,41,Male,60,2,3,19,Standard,Annual,3130,28,1
3134,32,Female,32,29,6,10,Premium,Quarterly,4421,12,1
3135,51,Male,8,18,6,4,Premium,Monthly,600,6,1
3136,44,Male,21,6,10,1,Premium,Annual,3583,2,0
3137,47,Female,49,17,4,16,Premium,Annual,2084,30,0
3138,24,Male,6,26,2,11,Premium,Annual,694,12,1
3139,58,Male,6,18,10,12,Standard,Quarterly,988,10,0
3140,44,Male,14,21,5,14,Premium,Quarterly,4027,13,0
3141,49,Female,34,21,9,20,Standard,Monthly,2861,12,1
3142,40,Male,52,5,5,19,Premium,Quarterly,3777,3,1
3143,54,Male,50,24,3,7,Premium,Monthly,4343,25,1
3144,30,Male,55,7,0,19,Premium,Annual,3525,29,1
3145,27,Female,56,28,9,20,Standard,Quarterly,3206,15,1
3146,58,Male,16,25,5,20,Basic,Monthly,1654,1,1
3147,36,Male,25,13,1,26,Basic,Annual,3926,28,1
3148,39,Male,41,25,4,18,Basic,Annual,1458,30,1
3149,33,Male,36,5,8,22,Basic,Monthly,4817,2,1
3150,31,Female,38,24,5,24,Standard,Quarterly,1587,23,0
3151,28,Female,18,4,0,18,Premium,Quarterly,2991,29,1
3152,47,Male,7,2,4,7,Standard,Quarterly,909,30,0
3153,53,Male,58,14,2,16,Standard,Monthly,1450,18,1
3154,23,Female,39,17,8,14,Premium,Quarterly,2315,14,1
3155,44,Male,53,30,4,6,Premium,Monthly,4701,28,1
3156,24,Female,56,17,8,30,Basic,Annual,4265,18,1
3157,21,Male,22,10,5,19,Basic,Quarterly,1048,3,1
3158,33,Male,44,2,9,20,Standard,Annual,1086,29,1
3159,54,Male,34,22,0,26,Standard,Quarterly,3448,5,1
3160,25,Male,45,22,8,10,Standard,Annual,1099,26,0
3161,59,Female,24,7,0,8,Standard,Monthly,1356,20,0
3162,43,Female,27,5,5,3,Standard,Monthly,1065,9,1
3163,20,Male,12,27,10,4,Standard,Quarterly,4559,2,1
3164,21,Female,26,22,8,7,Basic,Quarterly,3576,14,1
3165,34,Male,22,19,3,24,Standard,Quarterly,2654,9,1
3166,63,Male,12,29,8,0,Basic,Monthly,1408,1,0
3167,46,Female,14,22,8,3,Standard,Monthly,2582,14,0
3168,34,Male,60,30,6,6,Standard,Monthly,1950,2,1
3169,33,Female,7,17,1,0,Standard,Annual,642,8,0
3170,56,Female,2,5,6,11,Basic,Quarterly,714,10,1
3171,60,Female,20,7,10,22,Premium,Quarterly,3721,18,1
3172,51,Female,21,13,9,28,Basic,Quarterly,4672,15,1
3173,34,Female,58,6,7,20,Basic,Monthly,4046,4,0
3174,24,Female,54,17,10,2,Premium,Quarterly,1122,7,1
3175,36,Male,45,4,4,4,Standard,Annual,3811,8,1
3176,26,Male,56,9,4,23,Standard,Quarterly,2190,23,1
3177,55,Female,57,8,3,30,Premium,Annual,3469,3,0
3178,53,Male,6,18,10,20,Standard,Quarterly,403,5,0
3179,60,Male,44,20,7,18,Basic,Monthly,4144,29,1
3180,48,Male,57,2,1,6,Basic,Quarterly,3315,24,0
3181,25,Female,24,8,3,22,Premium,Monthly,4939,2,0
3182,35,Male,45,19,6,26,Basic,Monthly,3791,1,0
3183,61,Male,39,1,9,14,Premium,Quarterly,3966,27,1
3184,38,Female,54,7,6,17,Standard,Monthly,1104,24,0
3185,55,Male,49,2,10,22,Basic,Annual,2162,14,1
3186,52,Female,5,27,3,27,Basic,Monthly,204,8,1
3187,27,Female,15,14,8,4,Basic,Monthly,1552,30,1
3188,22,Male,17,7,3,17,Premium,Monthly,2599,4,1
3189,50,Male,15,5,10,24,Premium,Quarterly,4553,17,0
3190,35,Female,19,5,10,14,Premium,Quarterly,1542,23,0
3191,41,Male,39,25,8,4,Standard,Monthly,3739,7,1
3192,49,Male,50,10,8,0,Basic,Quarterly,3819,11,1
3193,43,Female,23,26,6,18,Standard,Quarterly,3233,3,1
3194,36,Male,24,20,6,8,Premium,Quarterly,2703,29,1
3195,41,Female,42,2,5,26,Premium,Annual,4314,9,1
3196,60,Male,39,28,7,26,Standard,Quarterly,3909,13,1
3197,36,Male,24,15,10,23,Premium,Quarterly,3739,7,1
3198,32,Female,42,7,7,7,Standard,Quarterly,2140,5,1
3199,24,Female,48,29,10,6,Basic,Monthly,1952,10,1
3200,44,Male,26,15,8,24,Standard,Quarterly,2715,3,0
3201,29,Female,2,21,5,28,Standard,Quarterly,494,10,1
3202,65,Male,4,21,4,28,Premium,Quarterly,309,2,0
3203,29,Female,11,29,5,15,Standard,Quarterly,951,6,0
3204,50,Female,5,28,5,25,Standard,Quarterly,399,24,1
3205,60,Male,45,26,4,26,Standard,Quarterly,3126,1,1
3206,39,Female,59,6,9,14,Basic,Annual,2499,15,1
3207,49,Male,55,18,3,21,Premium,Annual,1385,24,1
3208,59,Male,8,12,9,29,Premium,Annual,338,14,0
3209,59,Male,52,21,8,18,Basic,Annual,3349,15,0
3210,31,Female,56,21,6,21,Standard,Quarterly,4814,10,1
3211,33,Male,2,3,10,23,Premium,Annual,865,26,1
3212,33,Male,59,27,6,29,Standard,Quarterly,4397,24,0
3213,19,Male,14,13,10,4,Standard,Quarterly,3661,30,1
3214,53,Female,35,15,3,1,Basic,Annual,2485,25,0
3215,40,Male,12,6,3,5,Standard,Annual,1183,7,0
3216,62,Male,21,27,9,28,Standard,Quarterly,3618,7,1
3217,28,Female,3,12,0,26,Premium,Quarterly,281,15,1
3218,38,Female,47,4,5,2,Standard,Annual,4540,23,0
3219,21,Male,43,20,7,30,Basic,Quarterly,2138,8,0
3220,48,Male,32,17,10,18,Standard,Annual,3098,14,1
3221,62,Female,49,27,1,16,Premium,Quarterly,2530,17,0
3222,40,Female,9,28,2,6,Basic,Monthly,532,19,0
3223,33,Female,40,12,10,15,Basic,Quarterly,3658,4,0
3224,38,Female,50,12,5,1,Basic,Quarterly,1283,4,0
3225,43,Male,44,19,2,1,Basic,Monthly,1883,9,0
3226,41,Male,21,14,0,11,Standard,Annual,1153,2,1
3227,59,Female,24,21,3,9,Basic,Quarterly,2201,18,0
3228,62,Female,40,5,1,18,Premium,Monthly,2588,29,0
3229,46,Male,17,29,5,11,Basic,Monthly,4988,2,1
3230,19,Male,46,4,3,0,Basic,Quarterly,2831,3,0
3231,44,Male,7,8,6,30,Standard,Monthly,146,23,1
3232,22,Male,35,2,4,5,Premium,Monthly,1221,27,0
3233,31,Female,41,27,4,10,Basic,Annual,1010,9,0
3234,47,Male,55,23,6,23,Premium,Quarterly,1986,15,1
3235,48,Male,56,27,4,28,Standard,Monthly,4843,12,1
3236,41,Male,35,29,3,13,Standard,Monthly,1562,4,1
3237,57,Female,6,5,7,23,Premium,Monthly,692,24,1
3238,42,Female,35,18,8,25,Premium,Quarterly,1498,1,1
3239,52,Male,58,3,1,23,Basic,Quarterly,4418,17,1
3240,20,Female,19,30,2,4,Premium,Monthly,1260,20,0
3241,34,Male,6,19,4,23,Premium,Annual,717,5,1
3242,47,Female,51,23,0,8,Basic,Quarterly,1104,25,0
3243,33,Female,3,28,10,27,Basic,Quarterly,640,7,0
3244,45,Female,33,10,3,30,Basic,Quarterly,2821,13,0
3245,29,Female,53,27,5,4,Basic,Annual,1915,9,0
3246,21,Female,57,22,9,2,Basic,Monthly,3939,27,0
3247,19,Male,47,30,7,17,Basic,Quarterly,2903,29,0
3248,39,Female,8,5,9,2,Basic,Annual,823,5,1
3249,39,Male,18,14,10,25,Basic,Annual,2860,25,1
3250,53,Female,46,8,4,12,Basic,Quarterly,2132,28,0
3251,53,Male,27,19,10,20,Premium,Annual,3553,30,1
3252,49,Male,2,19,8,16,Standard,Quarterly,232,18,1
3253,23,Female,11,9,5,30,Standard,Quarterly,575,14,1
3254,37,Male,43,23,3,14,Premium,Annual,2132,25,1
3255,46,Female,48,25,7,12,Premium,Annual,1644,7,1
3256,29,Female,35,25,0,13,Basic,Monthly,2926,21,1
3257,41,Female,8,1,1,2,Standard,Monthly,185,26,1
3258,38,Female,60,23,7,7,Basic,Annual,4102,22,1
3259,49,Male,38,14,0,0,Standard,Annual,2938,15,0
3260,23,Female,46,13,0,7,Basic,Monthly,1764,8,1
3261,65,Male,9,7,4,14,Basic,Monthly,757,26,1
3262,53,Male,44,13,9,14,Basic,Annual,1854,28,1
3263,34,Female,33,26,1,30,Standard,Quarterly,4346,1,1
3264,30,Male,45,7,5,14,Standard,Annual,1665,7,0
3265,61,Male,11,1,3,4,Premium,Annual,500,10,0
3266,24,Female,18,28,4,5,Standard,Quarterly,2025,30,0
3267,57,Female,43,26,3,30,Standard,Annual,4878,11,1
3268,30,Male,12,1,1,28,Premium,Monthly,4839,21,1
3269,33,Male,7,25,10,7,Premium,Quarterly,228,27,1
3270,42,Male,36,27,9,12,Basic,Quarterly,3021,10,1
3271,48,Female,57,2,7,17,Basic,Annual,4379,2,1
3272,29,Female,21,2,10,5,Premium,Quarterly,1356,29,0
3273,42,Male,53,29,2,13,Premium,Quarterly,1255,3,0
3274,21,Male,35,20,9,2,Premium,Quarterly,4769,1,0
3275,60,Male,30,11,8,3,Basic,Monthly,2889,15,1
3276,21,Female,24,8,7,29,Basic,Annual,2753,22,1
3277,27,Female,38,17,1,4,Premium,Quarterly,2535,4,0
3278,31,Male,48,6,6,18,Basic,Monthly,1214,15,1
3279,26,Male,13,6,3,12,Premium,Monthly,3711,27,1
3280,20,Male,26,15,7,26,Premium,Quarterly,3756,10,1
3281,38,Female,26,3,7,15,Standard,Annual,2096,4,1
3282,37,Female,41,21,4,21,Basic,Quarterly,4377,27,1
3283,34,Female,29,15,1,5,Premium,Annual,3367,25,1
3284,44,Female,23,17,2,8,Basic,Monthly,2433,18,1
3285,58,Female,15,25,8,26,Basic,Quarterly,3099,22,1
3286,36,Female,5,4,1,0,Premium,Annual,385,24,0
3287,54,Female,50,4,8,19,Standard,Annual,3932,4,1
3288,18,Male,21,16,2,17,Standard,Annual,1121,22,1
3289,43,Female,21,26,3,13,Basic,Annual,3812,14,0
3290,27,Female,30,19,9,23,Standard,Annual,2415,10,1
3291,61,Male,55,15,5,12,Standard,Monthly,4832,18,1
3292,62,Male,10,6,0,25,Premium,Quarterly,275,1,1
3293,62,Female,42,3,1,16,Standard,Quarterly,4187,10,1
3294,53,Male,40,24,9,18,Standard,Annual,1994,8,1
3295,34,Female,27,13,6,0,Premium,Annual,1990,6,0
3296,40,Male,28,6,3,25,Basic,Quarterly,2902,29,1
3297,42,Female,42,13,7,15,Premium,Monthly,3048,10,1
3298,52,Female,47,17,5,7,Premium,Annual,4679,15,0
3299,31,Male,27,6,9,6,Standard,Annual,1318,5,1
3300,41,Female,18,27,5,19,Basic,Quarterly,1361,19,1
3301,36,Male,54,3,0,0,Premium,Annual,2982,25,0
3302,40,Female,57,14,7,8,Premium,Monthly,5000,1,0
3303,32,Male,42,20,3,25,Basic,Annual,2400,4,1
3304,25,Male,18,12,2,1,Standard,Annual,1369,13,0
3305,46,Female,36,15,6,5,Standard,Monthly,2779,17,0
3306,57,Female,5,10,10,20,Premium,Quarterly,359,23,1
3307,28,Male,47,19,3,24,Basic,Annual,3073,9,1
3308,63,Female,29,15,4,10,Standard,Monthly,1404,24,1
3309,41,Male,38,22,9,15,Premium,Annual,2990,30,0
3310,30,Male,58,25,1,16,Premium,Quarterly,2038,27,0
3311,39,Male,48,3,6,18,Premium,Monthly,2375,19,1
3312,20,Male,5,17,4,30,Standard,Quarterly,731,4,1
3313,35,Male,29,7,0,0,Premium,Annual,2008,10,0
3314,53,Female,13,19,10,3,Standard,Monthly,1186,2,1
3315,50,Male,33,18,5,5,Premium,Quarterly,2528,29,0
3316,45,Male,26,12,6,22,Premium,Annual,3532,28,0
3317,31,Male,14,14,7,0,Standard,Monthly,4147,2,1
3318,49,Male,10,24,6,12,Basic,Annual,801,9,1
3319,51,Female,42,1,5,23,Standard,Quarterly,3548,16,1
3320,35,Female,6,4,5,21,Standard,Quarterly,625,19,0
3321,32,Female,25,5,0,10,Standard,Annual,2989,30,0
3322,29,Male,28,30,0,10,Basic,Quarterly,2913,7,0
3323,25,Male,17,10,10,12,Standard,Monthly,1020,13,1
3324,33,Male,5,22,1,20,Basic,Annual,195,20,0
3325,47,Female,32,10,3,26,Premium,Quarterly,4554,15,1
3326,22,Female,25,14,9,24,Standard,Monthly,3777,4,1
3327,26,Male,10,26,5,8,Premium,Annual,644,30,0
3328,35,Female,57,23,5,27,Premium,Quarterly,3535,4,1
3329,41,Female,53,6,10,23,Premium,Annual,2732,27,1
3330,36,Female,2,27,10,9,Premium,Monthly,952,6,1
3331,33,Female,28,3,2,27,Premium,Quarterly,3686,14,0
3332,24,Male,7,10,1,24,Basic,Monthly,897,3,1
3333,52,Female,56,9,3,1,Standard,Monthly,4213,23,1
3334,49,Female,23,8,5,30,Basic,Annual,3715,28,0
3335,34,Female,49,4,4,0,Basic,Monthly,4426,15,1
3336,34,Female,49,4,7,10,Basic,Quarterly,4744,18,1
3337,32,Female,54,13,10,24,Standard,Monthly,4695,18,1
3338,24,Male,39,3,6,17,Basic,Annual,1821,16,0
3339,59,Female,17,15,6,9,Basic,Quarterly,2150,9,1
3340,32,Male,50,4,8,14,Standard,Quarterly,4385,6,1
3341,51,Male,46,16,6,24,Premium,Monthly,2586,26,0
3342,63,Male,15,7,1,13,Standard,Monthly,2648,4,0
3343,24,Female,46,5,6,27,Standard,Monthly,3007,9,1
3344,30,Male,51,6,7,15,Premium,Annual,2144,29,1
3345,64,Male,35,6,1,4,Premium,Monthly,4675,24,1
3346,21,Male,44,9,10,29,Standard,Monthly,2482,8,0
3347,30,Male,50,24,10,9,Premium,Quarterly,4478,9,1
3348,65,Male,21,14,2,18,Basic,Annual,1517,2,1
3349,25,Female,19,25,1,30,Premium,Monthly,4976,2,1
3350,50,Male,13,27,5,26,Standard,Monthly,1457,28,1
3351,39,Male,6,12,2,2,Standard,Annual,647,1,0
3352,29,Female,31,15,3,25,Premium,Annual,4179,2,1
3353,36,Female,52,7,7,2,Basic,Annual,3748,12,0
3354,30,Female,38,18,9,16,Standard,Quarterly,1199,18,1
3355,25,Male,1,4,9,6,Standard,Monthly,896,8,1
3356,33,Female,6,11,9,5,Standard,Annual,787,9,0
3357,63,Male,9,19,3,11,Premium,Monthly,207,22,1
3358,26,Male,50,5,0,6,Standard,Quarterly,4602,20,0
3359,41,Female,2,29,6,16,Premium,Annual,271,17,1
3360,38,Female,22,13,7,18,Basic,Annual,3493,8,0
3361,59,Male,14,21,3,22,Basic,Annual,3605,8,1
3362,58,Male,60,13,6,3,Standard,Monthly,3190,22,1
3363,22,Male,15,20,4,9,Basic,Quarterly,4549,12,0
3364,61,Female,20,11,4,19,Basic,Quarterly,3657,28,1
3365,58,Male,39,18,1,9,Basic,Monthly,4017,23,0
3366,53,Male,44,23,5,5,Standard,Quarterly,4438,12,0
3367,65,Male,53,6,4,30,Standard,Annual,1916,13,1
3368,52,Male,20,9,4,9,Basic,Monthly,2450,13,1
3369,19,Male,31,18,2,19,Premium,Annual,2310,8,0
3370,58,Male,19,7,2,4,Basic,Quarterly,3283,17,0
3371,55,Female,38,9,10,7,Standard,Monthly,4332,27,0
3372,26,Female,35,25,3,16,Premium,Monthly,3338,28,0
3373,65,Female,49,17,9,4,Basic,Quarterly,3081,30,1
3374,36,Male,56,1,10,23,Premium,Quarterly,1057,1,1
3375,44,Male,56,23,4,11,Basic,Monthly,2488,17,0
3376,58,Male,46,26,2,26,Basic,Monthly,1314,2,1
3377,20,Female,57,14,9,19,Standard,Quarterly,1404,29,1
3378,60,Female,30,28,3,6,Standard,Annual,1829,8,0
3379,35,Male,2,8,7,13,Basic,Annual,891,9,0
3380,40,Female,11,7,7,5,Premium,Monthly,732,24,1
3381,61,Male,50,9,8,13,Premium,Monthly,3790,12,1
3382,61,Male,23,26,8,22,Standard,Monthly,3858,2,1
3383,64,Female,29,21,6,6,Basic,Monthly,4296,6,1
3384,53,Female,38,28,2,18,Premium,Quarterly,3792,14,1
3385,44,Male,41,2,2,18,Premium,Annual,4210,24,0
3386,58,Female,7,27,1,11,Basic,Quarterly,839,2,0
3387,18,Male,52,3,7,22,Premium,Annual,1570,23,1
3388,37,Male,32,10,10,23,Standard,Monthly,3690,24,0
3389,34,Female,47,3,0,15,Premium,Annual,3346,20,0
3390,42,Male,30,16,2,16,Basic,Monthly,4345,11,0
3391,49,Male,20,19,9,9,Premium,Annual,1486,16,1
3392,33,Female,41,18,8,9,Standard,Quarterly,1321,6,0
3393,60,Female,36,17,6,11,Basic,Monthly,4227,16,1
3394,23,Female,50,14,1,21,Basic,Annual,1002,11,0
3395,57,Male,18,26,6,29,Standard,Monthly,1668,5,1
3396,52,Male,35,28,0,19,Basic,Quarterly,2317,29,1
3397,42,Female,42,20,0,11,Basic,Annual,4845,30,0
3398,28,Male,24,15,10,10,Basic,Annual,4464,21,1
3399,50,Male,58,1,2,11,Premium,Quarterly,3990,2,0
3400,31,Female,20,4,10,8,Standard,Quarterly,4918,2,1
3401,65,Female,36,27,2,5,Premium,Quarterly,4073,24,0
3402,40,Male,2,19,7,17,Standard,Monthly,880,7,1
3403,34,Male,34,20,8,10,Basic,Annual,4906,4,1
3404,34,Female,52,13,8,19,Premium,Annual,1909,8,1
3405,21,Male,25,1,2,19,Basic,Annual,3402,6,1
3406,40,Female,50,18,7,12,Basic,Monthly,3219,4,1
3407,22,Male,8,23,7,2,Premium,Quarterly,123,10,0
3408,39,Female,52,30,2,7,Basic,Quarterly,4491,15,0
3409,29,Male,53,19,3,27,Basic,Monthly,2679,2,1
3410,29,Male,51,2,3,7,Basic,Annual,2078,25,0
3411,28,Male,21,13,7,0,Basic,Quarterly,2656,14,1
3412,52,Female,23,30,8,23,Standard,Quarterly,3762,20,1
3413,55,Male,26,13,4,7,Basic,Quarterly,3641,13,0
3414,34,Male,50,9,8,1,Basic,Monthly,2624,13,1
3415,59,Female,11,16,10,13,Standard,Monthly,447,5,1
3416,26,Female,3,7,5,1,Basic,Quarterly,874,13,0
3417,50,Female,47,23,4,11,Basic,Quarterly,2131,6,1
3418,62,Female,40,28,3,21,Basic,Monthly,1891,15,1
3419,32,Male,40,3,6,16,Standard,Monthly,4409,7,1
3420,49,Male,5,30,1,26,Premium,Annual,816,19,1
3421,40,Male,49,10,10,15,Standard,Monthly,2141,15,1
3422,39,Female,40,1,5,14,Standard,Monthly,2266,15,0
3423,18,Female,22,3,2,7,Basic,Annual,4707,16,0
3424,20,Female,4,12,4,20,Basic,Quarterly,987,23,0
3425,48,Female,32,8,5,29,Standard,Monthly,4884,1,0
3426,43,Male,45,5,7,22,Basic,Annual,2702,5,1
3427,32,Male,14,6,8,5,Standard,Monthly,4738,6,1
3428,33,Female,30,6,0,30,Premium,Quarterly,4813,8,1
3429,52,Female,17,19,1,21,Premium,Quarterly,2586,30,1
3430,31,Female,22,4,5,1,Basic,Monthly,2691,2,0
3431,46,Female,20,2,0,11,Standard,Monthly,2670,18,0
3432,58,Male,33,6,3,18,Basic,Quarterly,4816,2,0
3433,22,Male,45,23,9,14,Standard,Annual,2421,28,1
3434,53,Female,56,30,4,18,Premium,Annual,1207,24,1
3435,30,Male,48,15,8,30,Standard,Annual,1216,20,1
3436,56,Male,56,17,5,19,Premium,Monthly,1070,6,1
3437,42,Female,29,3,5,23,Premium,Monthly,2668,30,1
3438,21,Male,52,22,5,28,Standard,Annual,4340,23,1
3439,55,Female,36,3,8,21,Basic,Monthly,3592,7,0
3440,43,Female,29,29,2,0,Basic,Monthly,2507,7,1
3441,29,Male,23,29,9,26,Premium,Quarterly,4137,11,0
3442,19,Female,30,13,10,12,Basic,Annual,3399,15,1
3443,18,Male,7,7,4,5,Premium,Annual,684,3,0
3444,34,Female,41,16,9,1,Basic,Quarterly,1520,16,0
3445,55,Male,1,19,1,17,Premium,Monthly,757,14,0
3446,64,Male,30,10,4,13,Standard,Annual,1208,17,0
3447,35,Male,45,26,8,9,Standard,Quarterly,2062,27,1
3448,47,Male,35,13,7,12,Premium,Quarterly,2738,20,0
3449,62,Female,36,13,8,12,Basic,Annual,4792,12,1
3450,46,Female,55,25,1,14,Basic,Monthly,2672,30,1
3451,28,Male,31,28,6,12,Standard,Monthly,3179,13,1
3452,30,Female,55,2,3,29,Basic,Quarterly,3808,20,1
3453,61,Female,22,20,8,10,Standard,Quarterly,1494,20,0
3454,50,Male,47,29,6,20,Premium,Monthly,3534,12,0
3455,18,Male,36,17,9,4,Premium,Quarterly,2659,14,1
3456,21,Female,49,12,2,25,Standard,Monthly,2060,27,0
3457,56,Male,16,27,9,28,Basic,Annual,3405,14,1
3458,24,Female,25,15,1,16,Standard,Quarterly,2518,12,1
3459,39,Female,14,11,3,9,Basic,Monthly,4718,7,1
3460,46,Male,41,18,4,19,Standard,Annual,4406,1,1
3461,51,Male,29,9,3,27,Basic,Annual,2392,2,1
3462,33,Female,7,25,9,10,Standard,Quarterly,302,25,0
3463,34,Female,48,29,1,28,Basic,Annual,4812,13,1
3464,25,Female,4,14,6,4,Basic,Monthly,796,29,1
3465,31,Female,36,7,1,10,Basic,Quarterly,2424,15,0
3466,22,Male,41,5,8,24,Premium,Annual,2019,20,1
3467,30,Female,2,14,2,1,Basic,Annual,330,18,0
3468,44,Female,33,9,7,27,Basic,Quarterly,4038,20,0
3469,21,Male,32,6,4,16,Standard,Annual,1493,20,1
3470,27,Female,17,22,5,28,Premium,Annual,1894,9,0
3471,32,Male,47,11,10,12,Standard,Quarterly,1575,3,0
3472,20,Female,12,14,2,24,Premium,Annual,1741,3,1
3473,30,Female,52,22,10,19,Premium,Annual,4416,7,1
3474,49,Male,35,10,0,4,Premium,Monthly,4267,2,1
3475,31,Female,40,24,10,24,Basic,Quarterly,2114,23,1
3476,45,Female,29,17,6,29,Basic,Quarterly,1475,6,1
3477,63,Female,23,10,2,22,Standard,Quarterly,4009,6,1
3478,57,Female,48,18,7,24,Basic,Annual,3883,4,1
3479,38,Male,41,9,6,19,Standard,Quarterly,4995,30,0
3480,19,Female,46,18,3,9,Premium,Monthly,3034,10,1
3481,18,Male,29,26,6,23,Basic,Annual,3647,28,0
3482,60,Female,4,22,6,18,Standard,Quarterly,401,6,1
3483,44,Female,1,21,0,23,Premium,Quarterly,666,1,1
3484,40,Female,41,5,0,12,Premium,Quarterly,2269,6,0
3485,48,Female,15,16,3,0,Standard,Monthly,1400,15,1
3486,39,Female,60,30,2,28,Premium,Annual,3598,22,1
3487,42,Female,46,16,0,6,Standard,Quarterly,1402,6,0
3488,60,Female,32,12,9,8,Standard,Quarterly,1079,27,1
3489,21,Female,22,22,6,20,Standard,Annual,1943,19,1
3490,64,Female,24,9,10,24,Standard,Monthly,4889,11,0
3491,35,Female,25,1,9,14,Standard,Quarterly,4448,3,0
3492,58,Male,34,24,5,0,Basic,Annual,2562,2,0
3493,47,Male,51,4,7,2,Premium,Monthly,4726,2,0
3494,43,Male,7,4,7,17,Basic,Annual,944,8,1
3495,18,Female,58,12,4,13,Basic,Monthly,3822,2,1
3496,62,Female,14,26,3,27,Basic,Monthly,2821,27,1
3497,62,Female,8,5,10,14,Premium,Quarterly,835,30,1
3498,29,Female,53,4,6,17,Standard,Annual,3898,7,0
3499,32,Male,55,6,0,0,Premium,Quarterly,2475,2,0
3500,42,Male,46,8,9,13,Basic,Quarterly,2044,22,0
3501,21,Male,25,9,3,7,Premium,Annual,2382,2,0
3502,51,Male,53,1,2,7,Standard,Annual,3470,17,1
3503,45,Female,16,25,3,30,Standard,Monthly,2260,14,1
3504,20,Female,54,16,2,8,Standard,Quarterly,2317,7,0
3505,57,Female,11,25,6,24,Basic,Annual,727,21,0
3506,24,Male,42,29,1,28,Basic,Annual,3767,18,1
3507,46,Female,21,16,4,20,Standard,Monthly,4236,1,1
3508,22,Male,58,19,4,5,Premium,Annual,3907,9,0
3509,57,Female,21,23,10,22,Premium,Monthly,2637,24,1
3510,41,Male,22,11,10,18,Premium,Quarterly,3122,30,1
3511,38,Female,21,27,8,5,Premium,Annual,4535,17,1
3512,65,Female,8,28,1,4,Basic,Monthly,883,22,1
3513,24,Male,28,15,5,30,Standard,Quarterly,3464,21,1
3514,64,Female,43,3,5,16,Premium,Annual,1840,14,1
3515,55,Male,47,4,8,10,Standard,Annual,1029,14,1
3516,38,Male,6,22,1,26,Premium,Monthly,958,21,1
3517,59,Female,58,16,3,16,Standard,Annual,4801,10,0
3518,42,Male,38,15,5,14,Basic,Quarterly,4528,30,0
3519,62,Female,23,4,1,19,Standard,Monthly,1639,27,1
3520,21,Female,55,30,6,10,Basic,Annual,1004,28,1
3521,55,Male,58,28,6,15,Premium,Monthly,3958,21,0
3522,57,Female,37,17,7,21,Standard,Annual,4462,19,1
3523,59,Female,5,9,3,3,Standard,Monthly,724,11,1
3524,62,Female,10,7,2,25,Standard,Monthly,279,5,1
3525,54,Male,42,21,4,5,Premium,Annual,1903,8,0
3526,32,Female,27,5,2,30,Premium,Annual,2748,20,1
3527,44,Female,23,2,4,23,Basic,Quarterly,2509,30,1
3528,39,Female,24,9,4,28,Standard,Monthly,3627,30,1
3529,40,Female,57,9,4,19,Basic,Monthly,3317,1,1
3530,41,Female,24,4,6,10,Premium,Monthly,1963,27,0
3531,34,Male,39,14,0,18,Basic,Monthly,3997,12,1
3532,30,Male,1,4,10,27,Standard,Quarterly,932,8,1
3533,19,Male,23,9,1,8,Standard,Monthly,4648,12,1
3534,48,Female,30,17,10,30,Premium,Monthly,2900,18,1
3535,23,Male,2,21,8,17,Basic,Quarterly,849,3,1
3536,53,Male,58,11,10,25,Basic,Quarterly,3661,8,1
3537,25,Female,20,3,10,3,Premium,Quarterly,2291,9,1
3538,48,Female,51,3,10,10,Basic,Annual,4450,26,0
3539,21,Female,32,19,9,12,Premium,Monthly,2646,2,0
3540,43,Female,18,13,5,16,Premium,Quarterly,4545,28,1
3541,27,Female,34,27,7,25,Basic,Quarterly,4423,1,1
3542,51,Female,45,12,9,16,Basic,Quarterly,2832,10,1
3543,20,Female,19,15,4,22,Basic,Monthly,1302,24,1
3544,30,Male,17,11,2,29,Basic,Annual,1040,24,1
3545,22,Female,5,13,2,20,Standard,Quarterly,872,11,1
3546,62,Female,44,18,2,6,Basic,Quarterly,2825,11,0
3547,35,Male,8,29,1,7,Premium,Monthly,136,13,1
3548,43,Male,18,7,0,9,Basic,Quarterly,2898,30,0
3549,59,Female,50,14,2,28,Standard,Monthly,3505,1,0
3550,56,Female,37,23,4,28,Basic,Annual,2337,26,0
3551,32,Male,54,30,3,16,Premium,Monthly,2598,27,1
3552,26,Male,25,18,0,16,Standard,Quarterly,1873,3,1
3553,31,Female,25,15,10,26,Basic,Monthly,2386,20,1
3554,53,Male,40,4,7,9,Basic,Monthly,3895,1,0
3555,25,Female,24,20,7,25,Basic,Monthly,3479,15,0
3556,58,Male,48,7,4,14,Basic,Annual,4115,20,0
3557,28,Male,13,6,8,5,Basic,Annual,1415,5,1
3558,24,Male,48,8,7,27,Premium,Annual,3051,6,1
3559,46,Female,52,10,1,16,Premium,Quarterly,1431,24,1
3560,18,Male,6,4,10,9,Premium,Quarterly,1000,30,1
3561,47,Male,41,15,7,11,Basic,Annual,1206,16,0
3562,50,Female,38,25,4,18,Premium,Monthly,2272,2,0
3563,39,Female,7,28,7,27,Basic,Annual,596,17,0
3564,27,Male,10,7,3,10,Basic,Monthly,662,5,1
3565,47,Male,9,1,4,23,Standard,Quarterly,810,23,1
3566,64,Male,47,20,4,0,Basic,Quarterly,2801,2,0
3567,31,Male,52,22,10,26,Standard,Annual,3813,28,1
3568,23,Male,39,23,4,5,Basic,Quarterly,3081,14,0
3569,51,Female,13,25,10,15,Basic,Annual,2270,20,1
3570,20,Male,37,4,3,13,Standard,Annual,2933,13,0
3571,33,Female,12,28,8,15,Premium,Annual,4799,28,1
3572,26,Male,51,27,9,25,Standard,Annual,4138,11,1
3573,57,Male,9,23,5,18,Premium,Monthly,995,3,0
3574,42,Female,60,2,10,12,Standard,Annual,1363,12,1
3575,47,Male,19,20,1,15,Standard,Annual,2243,28,1
3576,34,Male,27,5,8,1,Basic,Quarterly,2483,17,1
3577,53,Female,46,26,10,18,Basic,Monthly,2498,16,1
3578,25,Female,8,29,3,20,Standard,Annual,776,8,1
3579,29,Female,54,24,5,16,Premium,Monthly,2007,19,1
3580,46,Male,29,20,8,13,Basic,Annual,3494,14,1
3581,23,Female,46,15,7,7,Premium,Quarterly,4603,12,0
3582,64,Female,19,29,1,12,Premium,Annual,1537,29,0
3583,24,Male,11,5,7,4,Standard,Annual,922,20,1
3584,42,Male,27,25,0,13,Basic,Quarterly,1845,22,0
3585,38,Female,32,10,10,30,Standard,Annual,3426,25,1
3586,19,Female,26,9,2,21,Premium,Quarterly,3050,15,1
3587,46,Female,48,7,5,12,Standard,Annual,2050,3,0
3588,20,Male,57,22,2,7,Standard,Annual,4469,29,0
3589,31,Male,22,17,7,3,Standard,Monthly,1614,14,1
3590,29,Female,26,11,5,28,Standard,Monthly,1637,1,1
3591,41,Female,50,1,2,10,Standard,Quarterly,3765,4,1
3592,54,Male,21,1,1,11,Basic,Annual,4388,23,0
3593,29,Female,37,22,5,25,Standard,Quarterly,1989,26,1
3594,51,Male,52,27,2,3,Standard,Quarterly,4228,25,0
3595,63,Male,56,15,0,30,Standard,Annual,3791,30,0
3596,35,Female,2,8,5,4,Premium,Annual,657,30,1
3597,33,Male,29,18,0,21,Standard,Quarterly,2587,9,1
3598,48,Female,37,3,8,6,Basic,Quarterly,1551,20,1
3599,33,Female,44,22,0,27,Standard,Quarterly,2736,3,1
3600,32,Male,10,8,5,20,Premium,Annual,648,17,0
3601,43,Female,3,4,5,16,Basic,Annual,389,16,1
3602,36,Male,21,22,9,17,Basic,Monthly,3236,12,1
3603,63,Female,47,25,5,27,Standard,Monthly,3160,30,1
3604,49,Male,42,22,5,10,Basic,Annual,1734,8,1
3605,21,Male,59,20,4,18,Premium,Annual,2369,23,1
3606,27,Female,26,8,7,20,Basic,Quarterly,4349,9,1
3607,52,Female,10,24,9,29,Standard,Annual,556,3,1
3608,37,Male,29,10,3,9,Basic,Monthly,1685,30,1
3609,21,Male,4,14,0,6,Standard,Annual,493,25,1
3610,54,Female,38,19,6,16,Standard,Monthly,1786,30,0
3611,44,Female,35,5,2,15,Basic,Annual,3984,23,0
3612,44,Male,5,18,5,20,Basic,Annual,166,20,1
3613,24,Female,41,17,3,23,Standard,Monthly,3927,7,1
3614,55,Male,60,7,8,20,Standard,Monthly,3031,12,1
3615,59,Male,59,9,8,3,Basic,Monthly,3395,4,1
3616,36,Female,37,17,3,5,Premium,Quarterly,1915,23,0
3617,28,Male,33,8,2,11,Premium,Annual,4195,3,0
3618,32,Female,28,27,2,9,Standard,Monthly,3052,3,1
3619,24,Male,36,12,8,1,Premium,Quarterly,3032,16,1
3620,65,Male,46,27,1,26,Basic,Annual,1709,11,0
3621,23,Male,11,25,1,3,Basic,Annual,478,5,0
3622,32,Male,35,16,8,7,Premium,Quarterly,4768,14,1
3623,37,Female,25,13,3,6,Premium,Quarterly,3063,22,0
3624,26,Male,14,8,8,0,Standard,Annual,2607,19,1
3625,38,Female,51,9,7,6,Premium,Quarterly,2052,23,1
3626,19,Male,46,22,5,5,Basic,Monthly,2311,17,0
3627,57,Female,10,29,10,25,Premium,Monthly,286,22,1
3628,27,Male,31,18,8,13,Basic,Monthly,1417,22,1
3629,32,Male,46,10,10,12,Premium,Monthly,4515,23,1
3630,25,Male,30,20,0,7,Basic,Annual,3201,15,0
3631,21,Male,13,20,6,11,Basic,Quarterly,2410,14,1
3632,31,Female,59,30,4,18,Standard,Annual,3321,24,1
3633,24,Male,29,7,0,14,Standard,Annual,2927,9,0
3634,65,Female,18,18,7,25,Basic,Monthly,1301,1,1
3635,25,Female,34,5,9,20,Standard,Monthly,3664,17,1
3636,28,Male,3,20,4,2,Premium,Annual,312,23,0
3637,31,Female,11,14,7,20,Basic,Quarterly,654,10,1
3638,30,Male,21,10,1,14,Basic,Monthly,3896,14,0
3639,62,Male,11,22,8,8,Basic,Quarterly,336,22,0
3640,51,Female,7,5,2,27,Premium,Annual,234,6,1
3641,43,Female,32,10,4,10,Standard,Monthly,1894,21,1
3642,55,Male,30,30,4,27,Standard,Annual,4112,20,1
3643,59,Female,59,6,5,1,Standard,Annual,1464,15,0
3644,60,Male,37,8,2,7,Standard,Monthly,3563,14,1
3645,65,Male,57,26,0,28,Standard,Monthly,4582,24,1
3646,62,Female,44,12,2,17,Premium,Quarterly,3668,29,1
3647,44,Male,51,17,7,19,Standard,Annual,4746,20,0
3648,23,Male,43,4,5,18,Premium,Annual,4778,4,1
3649,58,Female,47,9,7,12,Premium,Monthly,1875,8,1
3650,21,Male,10,10,8,19,Premium,Quarterly,503,22,1
3651,58,Female,5,1,6,27,Basic,Monthly,661,25,1
3652,18,Male,41,20,8,24,Premium,Monthly,3688,30,1
3653,57,Female,46,19,8,0,Standard,Annual,2918,30,0
3654,57,Female,13,8,8,17,Premium,Annual,1476,14,1
3655,19,Female,45,18,2,7,Premium,Quarterly,4496,23,0
3656,27,Female,53,23,9,22,Standard,Annual,2003,29,0
3657,20,Male,2,28,5,9,Standard,Quarterly,430,25,0
3658,61,Male,57,19,5,1,Standard,Annual,3219,8,0
3659,60,Male,28,29,10,2,Standard,Quarterly,4637,27,1
3660,38,Male,15,24,8,20,Premium,Quarterly,3417,13,1
3661,54,Male,38,19,10,11,Premium,Quarterly,1948,8,1
3662,61,Female,36,11,3,4,Standard,Monthly,4044,20,1
3663,23,Female,53,3,3,17,Standard,Annual,4084,29,0
3664,59,Female,3,30,7,11,Standard,Monthly,508,9,1
3665,47,Male,13,24,10,25,Standard,Annual,4781,14,0
3666,55,Male,47,23,9,22,Basic,Annual,3642,28,1
3667,21,Male,22,4,2,19,Premium,Quarterly,1868,23,0
3668,52,Male,36,7,8,7,Standard,Annual,3013,1,1
3669,60,Female,39,2,0,12,Standard,Quarterly,4388,9,0
3670,42,Female,14,23,2,22,Standard,Annual,1812,12,1
3671,41,Female,7,8,9,25,Premium,Monthly,982,8,1
3672,51,Male,47,10,2,26,Premium,Annual,1443,6,1
3673,45,Male,15,2,1,1,Standard,Quarterly,1664,24,1
3674,24,Female,4,3,10,6,Basic,Quarterly,684,28,1
3675,47,Female,55,5,2,24,Basic,Monthly,1606,17,1
3676,57,Male,55,1,0,21,Standard,Annual,2180,8,0
3677,48,Female,38,24,9,19,Basic,Quarterly,3547,19,1
3678,50,Female,49,27,8,8,Standard,Monthly,2768,9,1
3679,30,Female,42,30,4,8,Premium,Quarterly,4142,3,0
3680,31,Female,14,15,9,29,Basic,Annual,1581,14,1
3681,30,Male,47,28,6,26,Standard,Monthly,1296,23,1
3682,54,Male,50,17,1,18,Basic,Quarterly,2134,25,0
3683,36,Male,44,18,5,29,Standard,Quarterly,3841,4,1
3684,46,Male,35,28,1,18,Standard,Quarterly,4638,1,1
3685,44,Male,42,22,9,21,Premium,Quarterly,2389,24,1
3686,25,Female,60,10,6,27,Basic,Annual,4593,8,0
3687,65,Female,41,28,2,26,Basic,Quarterly,1174,21,1
3688,51,Female,2,3,8,13,Basic,Quarterly,229,30,1
3689,30,Female,1,16,8,6,Standard,Monthly,436,23,1
3690,36,Male,34,28,0,18,Basic,Quarterly,2136,15,1
3691,56,Male,24,13,1,1,Premium,Monthly,4307,17,1
3692,26,Female,35,19,0,21,Standard,Monthly,3782,24,1
3693,36,Male,45,9,3,15,Basic,Monthly,4345,29,1
3694,47,Female,28,30,9,30,Premium,Monthly,1082,6,1
3695,47,Female,15,1,4,17,Standard,Annual,3786,2,1
3696,55,Male,10,6,5,24,Standard,Quarterly,837,20,1
3697,22,Male,46,12,7,28,Standard,Quarterly,3229,3,1
3698,30,Male,2,29,3,9,Premium,Quarterly,576,12,1
3699,24,Female,60,22,6,1,Basic,Monthly,4553,2,1
3700,57,Female,17,25,0,27,Premium,Annual,2165,30,1
3701,34,Female,43,2,1,15,Basic,Monthly,4793,19,1
3702,24,Female,24,7,0,15,Standard,Quarterly,2157,16,0
3703,49,Female,11,21,4,17,Basic,Monthly,957,1,0
3704,55,Female,21,24,0,7,Standard,Monthly,2714,17,1
3705,23,Male,5,24,2,20,Premium,Annual,137,15,1
3706,19,Male,28,6,4,22,Standard,Quarterly,2471,14,1
3707,31,Female,59,21,10,5,Basic,Quarterly,1052,25,0
3708,18,Male,46,24,4,21,Premium,Monthly,2790,11,0
3709,63,Male,12,14,9,20,Basic,Annual,1898,3,1
3710,18,Male,15,11,1,22,Standard,Monthly,3235,7,1
3711,34,Female,59,5,1,16,Standard,Monthly,3254,7,1
3712,49,Female,24,23,8,21,Premium,Monthly,3816,12,1
3713,40,Female,55,20,4,10,Premium,Quarterly,1525,3,0
3714,63,Male,29,17,8,17,Basic,Annual,1979,11,1
3715,21,Male,24,3,6,15,Standard,Quarterly,3968,9,1
3716,59,Male,32,3,0,23,Premium,Monthly,3472,4,1
3717,36,Female,7,5,2,10,Premium,Monthly,638,17,1
3718,45,Female,45,30,4,16,Standard,Quarterly,4499,29,1
3719,18,Female,36,5,7,9,Premium,Quarterly,1049,10,1
3720,22,Female,25,12,4,2,Premium,Annual,2932,5,0
3721,29,Female,39,27,2,15,Premium,Annual,4549,25,0
3722,19,Male,59,15,8,20,Premium,Annual,1281,24,0
3723,27,Female,17,26,10,27,Basic,Monthly,4430,4,0
3724,60,Male,36,22,10,18,Premium,Annual,3474,22,0
3725,40,Male,42,12,6,2,Basic,Monthly,3626,4,0
3726,45,Female,20,26,1,24,Standard,Monthly,2328,24,0
3727,65,Female,48,14,4,30,Basic,Monthly,2927,15,1
3728,62,Female,29,24,6,6,Premium,Annual,1963,24,1
3729,21,Male,49,1,1,23,Standard,Quarterly,1261,12,1
3730,40,Male,15,13,7,12,Basic,Monthly,2364,18,0
3731,60,Male,8,9,2,6,Standard,Quarterly,793,27,0
3732,54,Male,51,10,7,5,Basic,Monthly,2703,30,1
3733,24,Female,40,7,2,5,Basic,Annual,4030,25,0
3734,22,Male,3,22,7,24,Basic,Monthly,411,19,1
3735,58,Female,18,3,10,20,Premium,Annual,1825,22,1
3736,55,Female,13,11,8,4,Basic,Annual,2624,15,1
3737,26,Male,14,16,0,19,Basic,Annual,1038,14,1
3738,35,Male,1,14,8,15,Premium,Monthly,966,18,1
3739,47,Female,21,18,0,2,Basic,Monthly,1397,6,1
3740,42,Female,12,24,8,11,Premium,Monthly,2592,8,0
3741,44,Female,51,12,10,3,Premium,Monthly,1957,7,1
3742,50,Female,25,14,9,21,Premium,Annual,2805,30,1
3743,55,Male,40,29,4,11,Basic,Monthly,2738,30,1
3744,30,Male,33,22,8,20,Premium,Annual,4256,29,1
3745,19,Male,27,18,2,8,Basic,Monthly,1188,30,0
3746,39,Female,53,23,9,21,Premium,Annual,1655,17,1
3747,53,Female,59,13,8,27,Premium,Quarterly,1588,4,1
3748,59,Male,27,29,2,21,Basic,Monthly,3006,1,0
3749,36,Female,53,30,9,12,Premium,Annual,3917,30,0
3750,59,Female,29,21,4,11,Standard,Quarterly,1526,12,0
3751,23,Female,13,4,3,22,Basic,Annual,3477,2,1
3752,51,Female,31,2,8,25,Standard,Quarterly,3463,17,1
3753,58,Male,16,8,4,22,Basic,Monthly,3262,5,1
3754,41,Female,25,27,1,13,Standard,Annual,3168,13,0
3755,27,Male,37,23,4,13,Standard,Quarterly,2804,13,0
3756,64,Male,35,27,6,27,Standard,Annual,4838,11,0
3757,32,Male,8,1,10,16,Standard,Annual,668,3,1
3758,44,Male,47,30,3,2,Standard,Monthly,2364,5,1
3759,54,Female,7,23,8,8,Standard,Annual,422,13,1
3760,35,Female,4,23,5,18,Basic,Monthly,483,17,1
3761,43,Male,2,8,0,23,Basic,Monthly,928,1,1
3762,45,Male,51,12,10,2,Standard,Quarterly,2179,26,1
3763,65,Male,41,29,6,2,Basic,Quarterly,2336,13,1
3764,44,Male,18,28,8,0,Basic,Quarterly,3750,5,1
3765,35,Female,42,30,4,2,Premium,Annual,4285,18,0
3766,50,Male,57,29,6,7,Standard,Annual,3298,14,0
3767,49,Male,55,18,9,22,Standard,Monthly,2802,1,0
3768,61,Male,13,18,6,19,Standard,Annual,4180,1,0
3769,43,Female,53,15,9,12,Standard,Annual,4706,17,0
3770,41,Female,1,13,0,6,Basic,Monthly,949,30,1
3771,53,Female,3,17,5,8,Basic,Quarterly,731,19,1
3772,65,Female,54,12,7,0,Standard,Monthly,3924,13,0
3773,28,Female,14,4,7,12,Basic,Quarterly,1126,30,1
3774,43,Male,30,24,6,17,Premium,Annual,4451,21,1
3775,57,Male,16,9,2,29,Basic,Monthly,1070,18,0
3776,59,Female,10,18,1,30,Premium,Monthly,117,22,1
3777,27,Male,22,3,6,13,Standard,Monthly,1530,17,1
3778,63,Female,5,23,0,19,Standard,Quarterly,864,5,1
3779,51,Female,45,7,0,14,Basic,Quarterly,2419,5,0
3780,32,Female,31,17,8,16,Premium,Monthly,4566,16,0
3781,40,Male,35,23,5,7,Premium,Quarterly,3654,21,0
3782,40,Female,25,8,1,25,Standard,Annual,3524,28,0
3783,25,Female,14,18,5,0,Standard,Annual,4489,16,1
3784,21,Male,48,23,5,20,Basic,Monthly,2128,8,1
3785,64,Male,38,2,7,1,Standard,Monthly,4272,28,0
3786,31,Female,21,9,1,5,Standard,Quarterly,2815,25,0
3787,49,Female,53,23,5,0,Basic,Annual,4242,5,0
3788,35,Male,59,10,6,18,Standard,Monthly,2869,22,1
3789,18,Female,54,25,5,20,Standard,Monthly,3259,20,0
3790,60,Female,2,21,6,16,Premium,Annual,967,24,1
3791,48,Male,48,5,9,20,Premium,Monthly,1010,26,1
3792,42,Male,19,29,7,22,Basic,Quarterly,3809,22,1
3793,45,Female,59,17,7,2,Basic,Annual,4639,9,1
3794,57,Male,3,7,0,10,Premium,Quarterly,333,16,0
3795,61,Female,44,20,6,25,Standard,Monthly,3191,3,0
3796,26,Male,47,26,4,2,Premium,Annual,1187,11,0
3797,22,Female,11,29,5,30,Premium,Monthly,297,22,1
3798,18,Male,42,20,6,3,Standard,Annual,1078,24,1
3799,38,Female,26,11,5,15,Premium,Monthly,4554,6,1
3800,65,Female,24,28,0,19,Basic,Quarterly,2280,28,0
3801,40,Female,55,26,1,5,Premium,Annual,1902,6,1
3802,62,Male,26,18,7,27,Standard,Quarterly,3416,11,1
3803,60,Male,13,28,4,14,Standard,Monthly,3061,5,1
3804,25,Female,8,23,6,20,Standard,Annual,975,16,1
3805,60,Female,3,13,8,4,Basic,Annual,567,2,1
3806,41,Male,6,19,2,19,Standard,Quarterly,412,6,1
3807,21,Male,16,13,4,10,Basic,Annual,2046,10,0
3808,63,Female,42,9,1,18,Premium,Annual,4087,30,1
3809,46,Male,41,15,10,16,Premium,Annual,2510,24,1
3810,41,Male,9,21,9,10,Premium,Annual,603,19,0
3811,35,Male,5,18,9,14,Standard,Annual,500,23,1
3812,18,Male,56,6,7,0,Standard,Quarterly,3474,3,1
3813,18,Female,45,1,2,26,Standard,Annual,1904,9,0
3814,26,Male,40,24,10,15,Standard,Quarterly,2163,8,1
3815,39,Female,19,22,6,18,Premium,Quarterly,3335,8,1
3816,19,Male,54,21,8,15,Premium,Annual,1003,18,1
3817,62,Male,21,19,4,4,Standard,Monthly,3243,6,0
3818,26,Female,15,5,9,6,Premium,Annual,2059,27,1
3819,34,Female,21,10,5,8,Premium,Annual,1921,4,0
3820,51,Female,50,7,8,25,Basic,Annual,3578,8,1
3821,28,Female,29,20,8,15,Standard,Annual,4554,18,1
3822,57,Female,49,23,6,19,Standard,Monthly,2810,27,1
3823,56,Male,37,3,4,30,Standard,Quarterly,1728,15,1
3824,57,Male,54,17,0,7,Basic,Quarterly,2439,12,0
3825,65,Female,13,14,5,1,Basic,Quarterly,2282,11,0
3826,31,Female,37,10,5,20,Premium,Monthly,3600,3,0
3827,50,Female,24,9,8,16,Premium,Annual,3536,25,1
3828,57,Male,39,25,1,2,Premium,Annual,4249,10,0
3829,20,Female,5,16,4,18,Basic,Quarterly,386,26,1
3830,55,Female,8,13,6,11,Premium,Quarterly,661,27,1
3831,21,Female,28,10,0,15,Premium,Quarterly,1209,12,0
3832,39,Male,57,5,7,4,Basic,Annual,4806,11,0
3833,56,Female,14,23,1,0,Premium,Monthly,4835,30,1
3834,38,Female,59,2,0,22,Standard,Annual,1650,18,0
3835,29,Female,55,5,2,26,Standard,Quarterly,2604,4,1
3836,61,Female,11,16,0,19,Basic,Annual,802,15,1
3837,64,Male,3,1,4,29,Basic,Annual,890,5,0
3838,56,Male,7,13,4,19,Standard,Monthly,625,9,1
3839,52,Male,6,19,2,5,Standard,Annual,381,8,0
3840,46,Male,10,17,8,25,Basic,Monthly,689,1,1
3841,25,Female,8,24,6,6,Standard,Monthly,266,12,1
3842,35,Female,42,15,2,30,Standard,Monthly,1265,21,1
3843,52,Male,6,27,4,19,Basic,Monthly,386,28,0
3844,45,Female,48,17,2,21,Basic,Monthly,4770,20,1
3845,22,Male,14,12,9,28,Premium,Monthly,1350,21,1
3846,52,Male,19,25,3,14,Standard,Monthly,2613,9,1
3847,25,Male,15,2,8,18,Premium,Annual,4592,13,1
3848,48,Male,21,13,6,16,Standard,Monthly,1882,9,1
3849,37,Female,16,16,5,21,Standard,Quarterly,3759,29,1
3850,39,Male,38,25,7,5,Standard,Monthly,2559,12,1
3851,39,Male,40,8,5,21,Standard,Quarterly,1639,4,1
3852,62,Male,35,21,6,16,Basic,Monthly,3189,11,0
3853,55,Female,7,23,1,29,Premium,Annual,504,25,0
3854,54,Male,2,14,9,6,Premium,Quarterly,900,2,1
3855,60,Male,15,12,1,17,Premium,Annual,3027,15,1
3856,64,Male,3,11,1,18,Basic,Quarterly,189,18,1
3857,36,Male,29,26,10,15,Standard,Quarterly,1986,20,1
3858,34,Female,25,25,7,15,Standard,Monthly,2201,3,1
3859,38,Male,24,12,0,6,Standard,Quarterly,4323,5,0
3860,43,Male,27,11,8,4,Standard,Annual,3642,16,1
3861,34,Male,24,25,0,5,Standard,Monthly,4915,30,1
3862,58,Male,31,14,7,2,Basic,Annual,4194,18,0
3863,60,Male,22,28,9,0,Basic,Quarterly,4741,20,1
3864,23,Female,43,23,0,5,Basic,Quarterly,2208,2,0
3865,27,Female,44,3,9,24,Standard,Monthly,3619,13,0
3866,32,Male,1,17,0,23,Basic,Annual,890,1,0
3867,56,Female,6,2,2,15,Basic,Annual,300,22,0
3868,56,Male,40,4,10,28,Premium,Monthly,3222,20,1
3869,46,Female,1,30,9,2,Standard,Annual,540,9,1
3870,18,Female,16,14,0,6,Basic,Annual,2801,3,1
3871,46,Male,24,14,3,0,Basic,Quarterly,1297,27,0
3872,37,Female,11,23,2,12,Standard,Quarterly,139,26,1
3873,23,Female,16,25,0,28,Basic,Monthly,3383,21,0
3874,23,Male,13,1,10,2,Standard,Monthly,4804,2,1
3875,46,Male,15,28,9,12,Standard,Quarterly,1755,1,1
3876,54,Male,29,2,3,21,Standard,Monthly,1516,2,1
3877,57,Female,27,16,1,29,Premium,Quarterly,1103,16,0
3878,40,Male,48,8,1,19,Standard,Annual,2069,18,0
3879,42,Male,19,20,5,28,Basic,Annual,1512,24,1
3880,23,Male,3,19,5,18,Basic,Annual,919,4,0
3881,22,Female,16,15,6,4,Premium,Annual,2629,17,1
3882,28,Male,14,3,3,29,Standard,Annual,3347,26,0
3883,22,Male,33,20,2,21,Standard,Annual,4394,15,0
3884,24,Male,44,30,0,13,Basic,Monthly,1470,15,1
3885,27,Female,47,9,10,0,Premium,Quarterly,2459,4,0
3886,18,Female,45,9,8,19,Standard,Quarterly,1061,3,1
3887,44,Female,28,8,6,0,Basic,Annual,2311,30,1
3888,24,Male,41,20,10,12,Basic,Monthly,1778,3,1
3889,23,Female,2,30,1,13,Basic,Monthly,136,5,1
3890,47,Female,44,15,0,20,Basic,Annual,3406,5,0
3891,51,Female,54,6,3,15,Premium,Quarterly,2762,4,0
3892,23,Male,43,22,2,14,Standard,Monthly,3249,3,1
3893,20,Female,23,14,6,19,Standard,Quarterly,2790,15,0
3894,48,Female,22,26,5,21,Premium,Quarterly,2468,17,1
3895,60,Female,56,25,9,3,Standard,Quarterly,3513,1,0
3896,56,Female,33,25,5,6,Basic,Annual,1464,13,0
3897,34,Female,48,8,5,8,Premium,Quarterly,2191,2,0
3898,22,Female,12,13,1,7,Premium,Monthly,3804,23,0
3899,18,Female,5,26,2,21,Standard,Annual,941,17,1
3900,45,Male,2,20,5,24,Standard,Quarterly,285,9,1
3901,37,Male,54,21,0,28,Basic,Annual,4854,1,1
3902,52,Female,3,1,2,24,Basic,Monthly,984,1,1
3903,41,Male,44,17,1,0,Standard,Monthly,2625,22,0
3904,33,Male,42,6,8,1,Basic,Monthly,3737,9,1
3905,23,Male,28,6,5,18,Premium,Annual,1786,4,1
3906,46,Female,14,20,4,3,Standard,Monthly,3637,16,1
3907,42,Male,40,13,7,13,Premium,Annual,4613,27,1
3908,55,Male,52,23,6,10,Premium,Monthly,3196,25,1
3909,59,Male,39,9,9,1,Basic,Quarterly,4147,3,0
3910,21,Male,48,15,6,9,Standard,Quarterly,3183,4,1
3911,22,Male,19,24,2,10,Premium,Monthly,3945,10,1
3912,23,Female,12,13,10,10,Basic,Annual,3171,8,0
3913,18,Male,45,2,5,17,Standard,Quarterly,3867,29,1
3914,48,Female,8,14,5,28,Basic,Quarterly,888,1,0
3915,47,Female,54,11,0,30,Basic,Annual,2813,30,1
3916,39,Male,24,18,5,12,Premium,Monthly,3512,6,1
3917,63,Male,9,19,2,21,Standard,Annual,283,30,1
3918,60,Male,35,11,3,10,Standard,Monthly,4748,17,1
3919,38,Female,25,28,3,14,Standard,Monthly,1762,15,1
3920,56,Male,43,7,1,26,Standard,Annual,1060,9,1
3921,33,Female,3,29,6,20,Standard,Monthly,936,12,0
3922,60,Male,12,10,7,2,Basic,Annual,2484,25,1
3923,40,Female,7,21,7,15,Premium,Annual,679,3,1
3924,23,Female,49,28,0,11,Standard,Quarterly,2341,9,0
3925,57,Male,35,14,3,28,Standard,Quarterly,1129,22,1
3926,46,Female,52,2,1,11,Standard,Monthly,4533,4,0
3927,59,Female,8,26,4,26,Premium,Quarterly,777,29,1
3928,27,Male,3,4,2,14,Standard,Quarterly,606,6,0
3929,40,Female,11,30,4,26,Basic,Annual,115,18,1
3930,58,Male,52,2,8,15,Standard,Annual,1141,13,1
3931,22,Male,16,21,4,5,Basic,Quarterly,2519,29,0
3932,40,Male,53,3,3,17,Standard,Annual,4771,1,1
3933,50,Female,4,27,1,25,Premium,Annual,925,13,1
3934,39,Female,42,18,2,26,Premium,Annual,2679,21,0
3935,61,Female,13,28,7,10,Basic,Monthly,1743,13,1
3936,60,Female,8,15,5,18,Basic,Quarterly,864,5,1
3937,58,Female,28,10,2,16,Standard,Quarterly,3804,22,1
3938,42,Male,5,26,9,14,Standard,Monthly,235,30,1
3939,28,Female,37,3,4,14,Premium,Annual,2034,22,0
3940,34,Male,33,8,3,2,Basic,Annual,3504,27,0
3941,30,Female,21,1,0,12,Basic,Annual,3291,24,0
3942,62,Male,51,3,8,26,Basic,Annual,1008,16,1
3943,39,Female,49,8,0,9,Basic,Monthly,3543,29,0
3944,22,Female,24,11,9,4,Premium,Annual,2661,10,0
3945,42,Female,7,21,5,10,Standard,Quarterly,136,8,0
3946,54,Male,3,6,4,27,Standard,Quarterly,362,3,0
3947,53,Female,29,18,5,2,Basic,Monthly,4781,25,1
3948,61,Female,14,18,4,17,Basic,Monthly,4247,12,1
3949,65,Male,9,27,8,2,Premium,Annual,116,4,0
3950,27,Male,54,30,4,17,Premium,Quarterly,1265,24,1
3951,23,Female,13,16,9,13,Standard,Annual,4790,21,1
3952,23,Male,46,14,7,15,Premium,Quarterly,2372,3,1
3953,34,Male,21,8,10,26,Premium,Quarterly,4550,29,1
3954,19,Male,55,22,8,8,Premium,Monthly,1452,8,1
3955,29,Female,42,14,9,12,Basic,Quarterly,2681,28,0
3956,57,Female,39,22,9,30,Standard,Annual,1593,18,1
3957,34,Female,1,7,0,24,Standard,Quarterly,302,11,1
3958,48,Female,8,8,2,19,Standard,Quarterly,738,17,1
3959,26,Male,17,25,8,28,Premium,Annual,1128,4,1
3960,20,Male,10,7,8,28,Premium,Quarterly,602,19,1
3961,58,Male,40,30,0,29,Premium,Annual,2542,10,1
3962,51,Male,6,14,6,2,Premium,Annual,208,9,1
3963,39,Male,21,16,10,20,Basic,Monthly,3750,21,0
3964,42,Male,31,25,3,27,Premium,Quarterly,2242,1,1
3965,40,Female,57,13,6,5,Basic,Monthly,1074,7,1
3966,34,Male,35,29,1,14,Basic,Quarterly,1857,19,0
3967,34,Male,2,10,6,28,Standard,Monthly,411,18,1
3968,33,Male,50,23,6,25,Standard,Annual,3536,11,1
3969,43,Female,27,28,10,18,Premium,Quarterly,4114,29,0
3970,59,Female,12,27,5,3,Basic,Annual,4234,28,0
3971,30,Male,59,21,1,12,Premium,Annual,2577,25,0
3972,43,Male,44,20,8,17,Basic,Annual,2213,24,0
3973,23,Male,36,30,3,8,Standard,Quarterly,1145,7,0
3974,42,Male,38,27,7,9,Standard,Annual,4073,12,1
3975,48,Female,23,7,6,3,Standard,Monthly,4308,27,1
3976,28,Female,53,8,10,3,Premium,Annual,4411,3,1
3977,27,Male,34,15,2,23,Standard,Quarterly,3815,13,1
3978,38,Female,16,3,9,1,Standard,Monthly,4808,14,1
3979,42,Male,39,5,0,0,Basic,Quarterly,3646,19,0
3980,27,Male,5,2,6,26,Standard,Quarterly,869,9,1
3981,40,Female,56,30,10,23,Basic,Annual,1886,23,1
3982,27,Female,23,7,5,27,Basic,Monthly,2434,30,0
3983,43,Female,39,6,2,25,Premium,Monthly,3691,4,1
3984,33,Female,17,20,5,17,Premium,Annual,3011,13,1
3985,33,Female,9,22,9,28,Basic,Quarterly,302,11,1
3986,27,Female,46,14,6,8,Basic,Annual,1982,26,1
3987,58,Female,41,22,3,18,Standard,Annual,1756,21,1
3988,64,Female,15,6,9,12,Premium,Annual,3881,12,1
3989,61,Female,42,1,7,26,Basic,Quarterly,3570,8,0
3990,65,Male,35,15,3,7,Standard,Monthly,4966,17,0
3991,53,Male,47,3,7,5,Standard,Quarterly,3341,24,1
3992,35,Female,20,16,4,30,Premium,Quarterly,1773,9,1
3993,18,Male,20,6,0,19,Basic,Monthly,4448,10,0
3994,47,Male,34,28,8,18,Standard,Annual,4368,21,1
3995,33,Female,29,8,4,0,Premium,Quarterly,3991,17,0
3996,64,Female,47,16,2,8,Basic,Monthly,4800,6,1
3997,28,Female,23,27,1,26,Basic,Monthly,4945,26,0
3998,46,Male,37,10,2,18,Basic,Quarterly,4781,9,0
3999,46,Female,49,9,3,12,Premium,Annual,1379,16,0
4000,42,Male,53,26,4,13,Standard,Monthly,3511,29,1
4001,58,Female,21,29,7,9,Basic,Monthly,4549,13,1
4002,30,Female,21,28,8,8,Standard,Annual,1720,21,0
4003,41,Male,30,30,10,7,Standard,Annual,2871,4,1
4004,42,Female,48,15,5,30,Premium,Annual,2984,15,1
4005,34,Female,46,18,6,8,Premium,Monthly,4468,3,0
4006,22,Male,16,19,7,19,Basic,Monthly,4297,18,0
4007,37,Female,44,14,1,21,Standard,Annual,4946,7,1
4008,50,Male,55,5,3,4,Basic,Monthly,3512,26,1
4009,51,Female,39,13,10,7,Premium,Annual,2568,30,0
4010,56,Female,16,14,3,13,Premium,Annual,2602,15,0
4011,54,Female,50,26,7,9,Standard,Annual,5000,23,0
4012,57,Male,31,15,4,9,Basic,Monthly,3575,28,1
4013,39,Female,47,13,6,10,Standard,Quarterly,3161,5,0
4014,34,Female,12,21,3,22,Standard,Quarterly,3542,21,1
4015,32,Female,35,19,7,29,Premium,Annual,3986,20,0
4016,51,Female,17,7,2,15,Standard,Quarterly,4614,10,0
4017,35,Female,28,22,7,6,Premium,Monthly,2937,2,1
4018,65,Male,33,21,1,10,Standard,Quarterly,4803,18,0
4019,22,Male,14,24,6,2,Basic,Quarterly,3226,22,1
4020,63,Male,43,21,1,24,Premium,Quarterly,1790,20,1
4021,20,Female,44,24,0,12,Premium,Quarterly,1494,12,0
4022,40,Male,40,7,4,7,Basic,Monthly,4103,5,0
4023,33,Female,26,7,1,2,Premium,Monthly,1169,2,0
4024,37,Male,31,15,10,22,Basic,Annual,2353,1,1
4025,31,Female,7,19,2,0,Standard,Annual,328,20,0
4026,37,Male,46,21,8,6,Premium,Monthly,4637,16,1
4027,46,Female,54,21,4,19,Premium,Annual,3146,14,0
4028,54,Female,37,19,6,29,Premium,Monthly,1770,13,1
4029,49,Female,41,18,1,4,Standard,Annual,3628,24,0
4030,42,Female,57,11,10,1,Standard,Monthly,4050,17,1
4031,58,Female,39,21,1,20,Standard,Monthly,2242,21,1
4032,36,Male,7,29,1,23,Standard,Quarterly,635,20,1
4033,18,Male,58,4,10,6,Premium,Annual,4552,1,1
4034,42,Male,4,22,5,29,Premium,Monthly,701,24,1
4035,43,Female,41,28,10,18,Premium,Monthly,4607,19,1
4036,34,Male,28,15,5,28,Standard,Annual,1291,15,0
4037,60,Female,32,30,4,15,Standard,Annual,3277,12,0
4038,52,Male,42,16,10,28,Standard,Annual,4312,28,0
4039,23,Female,2,3,5,5,Premium,Quarterly,568,8,0
4040,35,Male,8,13,7,17,Basic,Monthly,899,17,0
4041,61,Male,13,13,7,7,Premium,Monthly,1971,1,1
4042,28,Male,14,3,6,7,Basic,Quarterly,4102,10,1
4043,40,Male,9,10,1,26,Premium,Monthly,517,8,1
4044,25,Male,57,10,8,10,Basic,Quarterly,4192,28,1
4045,54,Male,24,27,2,18,Premium,Quarterly,3311,14,1
4046,21,Male,57,22,9,26,Basic,Annual,4278,30,1
4047,36,Male,35,17,8,22,Basic,Monthly,2673,4,0
4048,39,Male,36,13,8,6,Premium,Monthly,3831,15,1
4049,35,Male,42,6,6,18,Premium,Annual,2458,12,0
4050,35,Female,54,17,8,0,Premium,Annual,1327,17,0
4051,40,Female,60,20,10,16,Standard,Annual,3354,16,1
4052,50,Female,18,23,2,9,Standard,Quarterly,2453,13,0
4053,29,Male,36,11,8,10,Standard,Monthly,1323,25,0
4054,36,Female,39,5,1,6,Basic,Monthly,1477,9,0
4055,64,Female,15,18,0,12,Basic,Quarterly,1179,17,0
4056,30,Female,44,26,4,15,Premium,Annual,2742,9,0
4057,22,Male,24,2,3,24,Basic,Monthly,1021,13,1
4058,38,Female,56,4,1,10,Basic,Annual,1589,29,0
4059,26,Female,1,8,3,0,Premium,Quarterly,310,19,0
4060,51,Female,59,20,5,2,Basic,Monthly,3529,13,0
4061,57,Male,3,25,5,21,Standard,Monthly,413,29,0
4062,40,Male,58,21,6,7,Basic,Quarterly,2312,3,1
4063,42,Female,45,7,1,14,Premium,Monthly,3099,21,1
4064,50,Male,5,6,9,1,Basic,Annual,588,13,1
4065,39,Female,45,5,9,22,Standard,Monthly,1003,27,1
4066,20,Female,38,3,4,5,Basic,Quarterly,4427,29,0
4067,18,Male,2,29,5,18,Premium,Quarterly,458,10,1
4068,60,Male,59,26,8,30,Basic,Monthly,1450,1,1
4069,34,Female,27,26,8,21,Basic,Monthly,3477,12,1
4070,65,Female,55,4,8,24,Premium,Quarterly,1745,12,1
4071,27,Male,5,18,10,24,Standard,Monthly,801,26,1
4072,26,Male,50,9,2,3,Premium,Annual,3969,23,0
4073,46,Male,14,19,1,19,Basic,Quarterly,3966,26,1
4074,29,Male,27,25,3,0,Basic,Quarterly,3882,21,0
4075,57,Female,30,4,9,23,Standard,Monthly,4962,30,1
4076,31,Male,8,1,9,26,Premium,Monthly,892,25,1
4077,32,Male,15,13,6,3,Basic,Annual,1305,16,1
4078,18,Female,6,9,3,29,Standard,Annual,465,22,1
4079,35,Female,21,27,7,7,Standard,Quarterly,3667,11,1
4080,46,Female,25,1,9,19,Basic,Annual,4993,23,1
4081,58,Male,39,27,1,20,Premium,Quarterly,4747,9,1
4082,61,Female,52,20,5,1,Premium,Quarterly,1951,5,0
4083,56,Male,57,18,7,5,Standard,Monthly,2590,27,1
4084,56,Male,28,29,1,13,Basic,Annual,3779,5,0
4085,57,Female,58,7,10,4,Premium,Monthly,2986,15,1
4086,25,Male,50,16,9,10,Basic,Annual,3098,21,1
4087,18,Female,41,14,3,4,Standard,Quarterly,4686,6,0
4088,20,Female,11,21,3,19,Premium,Annual,434,7,1
4089,62,Female,2,21,10,1,Premium,Quarterly,686,8,1
4090,27,Female,51,16,4,2,Standard,Monthly,4452,28,0
4091,51,Female,35,18,10,6,Basic,Quarterly,1823,24,1
4092,46,Female,22,7,10,12,Premium,Quarterly,1461,21,1
4093,20,Male,51,13,1,0,Basic,Quarterly,3707,19,1
4094,49,Female,48,2,4,27,Standard,Quarterly,4282,10,0
4095,61,Female,13,21,4,21,Basic,Annual,1086,21,1
4096,22,Female,9,19,2,0,Premium,Annual,638,18,0
4097,34,Female,2,5,1,8,Standard,Annual,802,4,0
4098,49,Female,11,22,6,0,Premium,Quarterly,616,16,1
4099,55,Male,10,26,7,2,Standard,Quarterly,689,28,1
4100,24,Female,52,16,5,20,Premium,Monthly,1253,23,1
4101,23,Male,28,5,5,1,Premium,Annual,4953,3,0
4102,43,Female,24,24,5,21,Basic,Monthly,3440,6,1
4103,45,Female,22,5,1,21,Basic,Monthly,4504,25,1
4104,39,Male,3,5,1,28,Basic,Annual,800,5,1
4105,39,Male,52,14,10,13,Standard,Monthly,4635,28,1
4106,35,Female,58,6,0,6,Standard,Monthly,2026,6,1
4107,28,Female,31,27,3,4,Standard,Annual,4239,20,0
4108,25,Male,57,7,4,10,Premium,Annual,1271,17,0
4109,60,Female,57,18,4,28,Basic,Annual,1608,18,0
4110,56,Female,45,6,9,0,Basic,Annual,1776,8,0
4111,49,Female,29,25,4,26,Premium,Quarterly,4808,6,1
4112,60,Male,59,23,1,23,Standard,Quarterly,1627,12,0
4113,24,Male,50,15,10,25,Basic,Monthly,3144,2,1
4114,40,Female,22,6,3,20,Standard,Annual,2820,12,1
4115,32,Male,7,21,6,14,Standard,Monthly,302,12,0
4116,54,Female,2,6,6,17,Premium,Annual,323,3,0
4117,22,Female,59,21,10,5,Basic,Quarterly,2648,20,1
4118,58,Female,31,27,9,12,Standard,Quarterly,4599,24,1
4119,34,Female,22,17,0,5,Basic,Monthly,1982,2,0
4120,42,Female,45,15,5,28,Premium,Monthly,3911,13,1
4121,29,Male,42,17,0,14,Premium,Quarterly,1647,17,0
4122,39,Female,20,5,2,1,Standard,Monthly,4075,27,0
4123,48,Female,43,3,0,18,Standard,Quarterly,4263,7,0
4124,21,Male,26,24,6,19,Standard,Annual,2773,30,1
4125,35,Female,1,27,9,2,Basic,Monthly,386,15,1
4126,40,Male,12,23,4,1,Standard,Annual,3931,19,0
4127,59,Male,13,6,7,25,Basic,Monthly,2957,3,1
4128,32,Female,10,7,9,15,Standard,Annual,869,3,0
4129,41,Female,17,22,2,6,Premium,Annual,2386,25,0
4130,57,Male,35,11,2,13,Premium,Annual,4943,21,1
4131,20,Female,8,28,10,28,Basic,Monthly,682,12,0
4132,41,Female,11,17,8,11,Standard,Monthly,764,26,0
4133,20,Male,45,24,3,10,Basic,Annual,1232,30,0
4134,30,Female,48,4,0,20,Basic,Quarterly,3634,21,0
4135,61,Female,59,19,1,26,Premium,Monthly,3544,22,1
4136,51,Female,51,15,1,28,Premium,Annual,3949,12,1
4137,43,Male,14,23,3,12,Standard,Annual,2454,10,0
4138,37,Female,20,26,2,17,Premium,Quarterly,3789,23,1
4139,60,Male,46,10,4,15,Premium,Quarterly,1851,23,0
4140,28,Male,22,6,0,20,Basic,Quarterly,1669,3,0
4141,30,Female,47,26,7,12,Premium,Monthly,2955,28,1
4142,25,Female,16,8,8,6,Premium,Annual,4128,14,1
4143,62,Female,9,24,0,0,Standard,Monthly,788,2,0
4144,54,Male,30,17,6,6,Basic,Quarterly,4356,12,0
4145,60,Female,55,29,0,22,Premium,Monthly,3424,25,0
4146,27,Female,60,5,4,29,Premium,Annual,3371,6,1
4147,42,Female,36,20,4,18,Basic,Quarterly,1506,29,0
4148,29,Male,14,17,0,10,Basic,Quarterly,2074,30,0
4149,31,Female,30,23,8,1,Premium,Annual,3231,5,1
4150,54,Female,18,20,7,1,Basic,Monthly,4083,21,1
4151,48,Female,3,14,10,10,Basic,Annual,295,11,1
4152,30,Male,19,19,9,0,Basic,Quarterly,1874,22,1
4153,56,Male,7,6,8,5,Basic,Monthly,427,7,1
4154,33,Female,4,22,10,26,Premium,Annual,270,8,1
4155,18,Female,27,8,7,23,Premium,Quarterly,4425,14,0
4156,39,Male,12,16,3,17,Standard,Annual,1419,10,1
4157,21,Male,4,7,3,11,Basic,Monthly,539,21,1
4158,50,Male,33,4,3,0,Basic,Monthly,4830,23,1
4159,57,Male,2,18,4,13,Standard,Quarterly,171,2,0
4160,38,Female,51,19,6,3,Basic,Quarterly,4458,4,1
4161,56,Female,49,11,5,12,Standard,Quarterly,3321,23,0
4162,36,Female,42,5,4,26,Basic,Monthly,2746,16,1
4163,28,Female,49,3,0,10,Premium,Annual,2240,10,0
4164,49,Female,60,28,3,27,Premium,Monthly,4266,17,1
4165,25,Male,23,7,1,17,Basic,Monthly,4469,16,1
4166,31,Female,58,25,0,3,Basic,Monthly,3822,1,1
4167,62,Female,28,12,10,29,Basic,Monthly,4215,18,1
4168,23,Female,45,18,3,12,Basic,Monthly,4774,21,0
4169,33,Female,22,22,4,22,Premium,Monthly,2026,27,1
4170,36,Male,12,15,5,10,Basic,Quarterly,1406,6,0
4171,59,Male,42,17,0,27,Basic,Annual,4503,3,1
4172,27,Male,5,18,8,17,Basic,Quarterly,970,6,1
4173,35,Female,28,1,4,26,Premium,Monthly,2095,8,0
4174,58,Female,46,30,7,20,Premium,Annual,1224,9,0
4175,30,Male,57,5,5,3,Premium,Quarterly,1630,10,0
4176,51,Female,3,25,3,6,Premium,Annual,344,7,0
4177,65,Female,3,16,7,4,Basic,Monthly,575,6,1
4178,56,Female,55,30,2,26,Basic,Annual,3462,13,1
4179,48,Male,2,10,8,13,Standard,Quarterly,917,21,1
4180,58,Female,2,10,6,1,Premium,Monthly,472,8,1
4181,26,Male,39,27,5,17,Standard,Annual,1914,10,1
4182,20,Male,34,2,6,29,Basic,Quarterly,3415,2,0
4183,56,Male,50,4,4,26,Premium,Monthly,4646,11,1
4184,40,Female,42,25,6,18,Premium,Annual,2673,9,0
4185,46,Male,44,2,0,7,Standard,Annual,1455,23,1
4186,32,Female,46,23,0,7,Standard,Annual,3221,5,0
4187,47,Female,12,20,8,30,Standard,Quarterly,2482,7,1
4188,41,Male,26,13,8,26,Standard,Quarterly,1174,11,0
4189,23,Female,11,1,6,2,Basic,Quarterly,434,28,1
4190,38,Female,13,3,2,0,Standard,Annual,1890,1,0
4191,42,Male,12,23,1,12,Standard,Annual,2258,10,0
4192,18,Male,31,14,0,15,Standard,Monthly,1013,24,1
4193,65,Male,28,7,4,10,Basic,Monthly,1663,25,1
4194,60,Male,34,6,1,21,Standard,Quarterly,2798,8,1
4195,42,Male,40,30,7,19,Premium,Annual,2004,7,0
4196,38,Male,37,5,4,10,Premium,Annual,2320,5,0
4197,41,Male,38,1,0,5,Standard,Annual,4926,11,0
4198,48,Female,10,30,0,20,Premium,Monthly,173,20,1
4199,38,Female,39,2,4,6,Basic,Monthly,2071,17,1
4200,21,Male,1,25,9,13,Basic,Monthly,618,24,1
4201,50,Male,16,3,3,30,Standard,Monthly,1064,25,0
4202,41,Female,13,24,9,22,Standard,Annual,3280,29,1
4203,54,Female,7,4,7,12,Basic,Monthly,842,26,1
4204,24,Female,10,30,2,12,Basic,Quarterly,336,20,0
4205,43,Male,47,19,3,20,Basic,Monthly,1427,24,1
4206,52,Female,46,20,0,8,Basic,Monthly,2173,22,1
4207,32,Female,59,20,3,29,Premium,Monthly,1807,30,1
4208,52,Female,16,21,9,29,Basic,Annual,4101,17,1
4209,41,Female,23,19,1,13,Premium,Monthly,3521,28,1
4210,50,Male,3,30,7,28,Basic,Quarterly,552,23,0
4211,37,Male,1,17,3,11,Standard,Annual,906,9,0
4212,41,Female,11,5,1,19,Premium,Quarterly,384,16,1
4213,58,Female,31,30,7,9,Standard,Quarterly,4277,1,1
4214,41,Female,7,4,5,30,Basic,Annual,234,8,1
4215,49,Male,46,6,9,2,Premium,Quarterly,1905,6,1
4216,52,Female,36,27,7,3,Basic,Annual,3087,23,1
4217,55,Female,13,11,0,11,Standard,Annual,2659,5,0
4218,21,Female,20,26,10,6,Standard,Monthly,2291,10,0
4219,19,Female,51,10,3,6,Basic,Quarterly,1755,23,0
4220,42,Female,49,24,8,26,Standard,Quarterly,3520,7,0
4221,63,Female,41,17,7,22,Basic,Quarterly,2964,23,1
4222,46,Female,8,8,3,23,Premium,Quarterly,591,9,1
4223,20,Female,53,15,8,19,Premium,Quarterly,1105,12,1
4224,22,Female,13,6,2,2,Premium,Annual,2348,7,0
4225,32,Male,1,14,1,27,Standard,Quarterly,577,19,1
4226,59,Male,41,9,2,24,Basic,Quarterly,1527,20,1
4227,57,Male,43,19,10,1,Premium,Monthly,1544,8,1
4228,48,Male,9,2,5,2,Standard,Monthly,361,9,1
4229,60,Male,26,10,6,28,Premium,Monthly,3321,4,1
4230,55,Male,1,23,4,7,Premium,Monthly,497,6,0
4231,35,Male,21,19,5,8,Standard,Monthly,4268,14,0
4232,64,Female,45,27,8,15,Standard,Annual,1214,7,1
4233,64,Female,41,29,3,0,Premium,Quarterly,3015,16,0
4234,31,Male,45,20,5,4,Standard,Annual,4139,10,0
4235,42,Male,26,1,3,26,Basic,Monthly,1617,28,1
4236,28,Female,10,5,7,20,Basic,Quarterly,476,16,1
4237,49,Male,48,22,5,6,Basic,Quarterly,4122,3,0
4238,24,Male,2,17,9,0,Basic,Monthly,422,21,1
4239,20,Male,57,7,6,23,Basic,Quarterly,4193,17,1
4240,26,Male,12,6,6,28,Basic,Annual,1971,7,1
4241,47,Male,9,19,7,1,Basic,Annual,624,4,1
4242,50,Female,25,25,1,7,Basic,Monthly,2662,27,1
4243,19,Male,16,1,3,7,Premium,Monthly,3386,7,1
4244,38,Male,49,15,3,16,Premium,Quarterly,1474,29,1
4245,21,Male,26,3,4,7,Premium,Quarterly,1031,1,0
4246,21,Male,8,17,6,12,Standard,Annual,109,22,1
4247,39,Female,40,5,5,15,Basic,Monthly,2956,1,0
4248,38,Female,40,30,7,23,Premium,Monthly,4941,23,0
4249,53,Male,57,5,10,27,Standard,Annual,2857,23,0
4250,21,Male,18,13,7,3,Basic,Quarterly,2352,5,0
4251,55,Female,16,30,8,1,Basic,Quarterly,4987,2,0
4252,63,Male,5,24,1,4,Standard,Quarterly,254,9,0
4253,50,Male,59,17,4,8,Basic,Annual,2582,5,0
4254,32,Female,21,30,2,10,Premium,Annual,3306,24,0
4255,23,Female,18,12,1,26,Basic,Monthly,4350,2,1
4256,54,Female,27,15,9,8,Standard,Annual,3495,16,0
4257,52,Male,30,12,5,3,Standard,Annual,3139,24,0
4258,26,Male,4,18,7,25,Standard,Quarterly,936,2,0
4259,35,Female,2,24,4,18,Basic,Monthly,816,3,1
4260,59,Male,35,23,10,13,Basic,Annual,3795,6,1
4261,35,Male,41,9,8,27,Premium,Monthly,1591,22,0
4262,38,Female,9,1,7,25,Basic,Annual,358,9,0
4263,34,Male,6,9,2,19,Premium,Quarterly,428,4,1
4264,30,Female,4,6,0,6,Standard,Quarterly,874,7,1
4265,21,Female,12,19,1,4,Premium,Quarterly,1572,15,0
4266,26,Female,16,27,9,18,Standard,Quarterly,2828,30,1
4267,24,Female,58,18,1,17,Premium,Monthly,3589,2,1
4268,22,Female,52,9,9,18,Standard,Annual,4664,16,1
4269,58,Female,60,20,8,30,Basic,Quarterly,2751,25,1
4270,25,Male,51,12,0,30,Premium,Monthly,4637,13,0
4271,59,Female,24,2,10,8,Premium,Quarterly,3478,11,0
4272,38,Male,42,17,10,3,Basic,Monthly,3000,3,0
4273,51,Male,50,22,2,18,Premium,Annual,2966,29,0
4274,54,Female,57,8,2,28,Standard,Annual,1925,30,0
4275,33,Female,3,27,1,24,Premium,Annual,684,15,1
4276,33,Male,40,18,0,0,Standard,Quarterly,3667,25,0
4277,46,Male,42,12,3,4,Premium,Quarterly,2510,1,0
4278,28,Female,1,8,9,22,Standard,Annual,661,5,0
4279,31,Female,1,9,1,1,Standard,Annual,715,13,0
4280,18,Male,31,21,10,29,Standard,Annual,4181,30,1
4281,42,Female,23,6,5,12,Standard,Monthly,1429,8,1
4282,60,Male,33,12,4,14,Standard,Quarterly,1707,5,0
4283,43,Male,2,17,8,6,Basic,Annual,624,10,1
4284,57,Female,48,11,5,21,Standard,Annual,4010,29,1
4285,62,Female,60,10,10,5,Premium,Monthly,1009,1,1
4286,19,Female,22,22,10,2,Basic,Monthly,3080,15,0
4287,44,Male,32,2,4,14,Basic,Quarterly,1308,27,1
4288,49,Male,13,25,5,25,Basic,Quarterly,2929,15,0
4289,19,Female,18,9,7,16,Premium,Quarterly,4868,5,1
4290,31,Male,54,24,9,30,Premium,Annual,4178,13,1
4291,45,Male,7,11,2,28,Standard,Quarterly,539,23,1
4292,59,Female,45,8,6,1,Basic,Quarterly,3435,25,1
4293,38,Male,3,14,2,24,Premium,Monthly,677,22,1
4294,45,Male,24,30,5,6,Standard,Annual,3668,13,0
4295,31,Female,1,6,0,23,Basic,Monthly,198,7,1
4296,36,Male,27,11,7,5,Premium,Monthly,3574,1,1
4297,25,Male,52,24,10,25,Basic,Monthly,2027,6,0
4298,21,Male,48,10,2,17,Premium,Annual,4537,15,0
4299,37,Male,16,7,7,21,Premium,Monthly,1614,15,1
4300,31,Male,16,4,2,24,Basic,Quarterly,3800,17,1
4301,63,Male,56,2,6,27,Premium,Annual,3765,7,1
4302,43,Female,45,10,1,21,Basic,Annual,4808,9,1
4303,56,Male,42,29,10,24,Standard,Monthly,4239,10,0
4304,22,Male,27,28,10,23,Premium,Monthly,4530,19,1
4305,46,Female,50,29,7,21,Basic,Monthly,3646,1,1
4306,53,Male,58,2,7,29,Premium,Monthly,1237,30,0
4307,18,Male,40,2,2,25,Premium,Quarterly,2625,28,1
4308,64,Female,21,19,10,28,Standard,Monthly,3709,12,1
4309,19,Male,32,13,1,28,Premium,Annual,1773,22,1
4310,46,Male,36,10,8,29,Basic,Monthly,3674,29,1
4311,45,Male,56,26,6,5,Standard,Monthly,4396,2,0
4312,32,Female,51,20,6,5,Standard,Quarterly,3593,24,1
4313,30,Female,14,5,8,30,Standard,Monthly,3384,2,1
4314,30,Female,44,16,0,19,Premium,Quarterly,4942,28,0
4315,46,Female,41,12,3,5,Basic,Annual,2831,10,0
4316,29,Female,23,27,2,26,Basic,Annual,4583,1,1
4317,31,Female,55,6,1,27,Premium,Monthly,1434,14,1
4318,57,Female,8,22,5,24,Premium,Monthly,140,1,1
4319,48,Male,25,1,9,27,Basic,Monthly,3448,27,1
4320,31,Male,59,30,8,7,Premium,Quarterly,3977,3,1
4321,48,Male,11,4,1,10,Standard,Annual,558,25,0
4322,59,Male,49,22,7,30,Basic,Monthly,4803,4,0
4323,39,Female,22,22,8,15,Standard,Annual,4332,15,1
4324,32,Male,3,19,5,0,Premium,Quarterly,388,14,0
4325,25,Male,30,18,6,22,Basic,Monthly,3841,6,0
4326,36,Male,49,5,4,6,Basic,Annual,2572,27,0
4327,54,Male,53,14,0,28,Premium,Annual,2555,23,1
4328,23,Female,47,11,10,11,Premium,Monthly,4585,3,1
4329,19,Female,52,17,6,5,Standard,Quarterly,3989,30,1
4330,54,Female,49,23,7,2,Basic,Annual,2270,13,0
4331,20,Male,4,13,8,12,Basic,Quarterly,981,16,1
4332,28,Male,8,9,1,30,Standard,Monthly,221,21,0
4333,27,Female,49,21,4,12,Standard,Quarterly,3548,21,1
4334,51,Female,12,13,4,18,Basic,Monthly,2425,4,0
4335,32,Male,13,14,0,20,Standard,Monthly,3556,2,1
4336,41,Male,46,4,4,13,Premium,Quarterly,4209,22,0
4337,29,Female,28,7,3,6,Premium,Annual,3259,4,0
4338,34,Male,11,17,0,28,Standard,Annual,512,20,1
4339,64,Female,30,24,5,26,Premium,Quarterly,2253,15,1
4340,39,Male,25,25,9,2,Premium,Quarterly,3082,9,1
4341,49,Male,15,2,5,13,Premium,Monthly,3727,22,1
4342,45,Male,41,9,4,10,Basic,Annual,1448,25,1
4343,64,Male,57,2,0,16,Basic,Quarterly,2268,24,0
4344,63,Male,19,21,10,16,Standard,Quarterly,1016,18,1
4345,32,Male,35,23,3,9,Basic,Quarterly,1118,12,0
4346,34,Female,58,27,10,22,Premium,Quarterly,1021,30,0
4347,38,Male,4,16,4,0,Basic,Annual,393,3,0
4348,41,Male,19,4,10,8,Standard,Quarterly,1044,18,1
4349,24,Female,8,22,1,6,Premium,Quarterly,547,18,0
4350,38,Female,31,25,1,9,Premium,Quarterly,4163,16,0
4351,32,Female,52,15,10,19,Standard,Quarterly,2622,29,1
4352,34,Female,27,15,7,26,Standard,Quarterly,1311,23,1
4353,61,Male,59,23,10,9,Basic,Monthly,4352,3,1
4354,44,Female,18,8,6,13,Standard,Quarterly,4325,25,1
4355,29,Female,6,14,2,13,Standard,Annual,639,17,1
4356,47,Female,55,20,2,15,Basic,Quarterly,3600,3,0
4357,45,Female,3,5,5,24,Premium,Monthly,691,14,1
4358,29,Female,39,2,1,4,Basic,Quarterly,2114,21,1
4359,23,Male,18,7,6,5,Standard,Monthly,4607,16,1
4360,30,Male,20,14,2,22,Basic,Monthly,2929,20,0
4361,33,Male,34,18,5,11,Premium,Quarterly,4037,5,0
4362,44,Male,16,7,5,26,Standard,Quarterly,3293,22,0
4363,57,Male,3,6,9,4,Standard,Quarterly,464,2,1
4364,41,Male,16,29,8,17,Basic,Monthly,4999,12,1
4365,33,Female,26,25,10,27,Premium,Monthly,1707,21,1
4366,54,Male,27,16,8,24,Standard,Annual,4599,16,1
4367,47,Male,7,19,9,29,Premium,Annual,389,21,0
4368,62,Male,47,22,2,21,Standard,Annual,4262,2,1
4369,39,Male,34,6,9,23,Premium,Annual,2795,28,1
4370,48,Male,26,17,1,9,Premium,Annual,2100,13,0
4371,55,Male,22,14,3,11,Premium,Annual,1372,23,0
4372,31,Female,40,12,4,15,Premium,Monthly,2547,21,1
4373,47,Female,38,5,6,24,Premium,Quarterly,3438,6,1
4374,45,Female,56,8,10,6,Standard,Monthly,2229,20,1
4375,49,Female,37,8,3,12,Premium,Annual,1530,1,0
4376,40,Female,49,7,0,5,Premium,Quarterly,4317,25,0
4377,27,Male,33,18,1,27,Basic,Annual,1307,30,1
4378,44,Female,49,8,6,15,Standard,Monthly,2763,19,1
4379,32,Male,33,26,10,20,Basic,Monthly,4820,19,1
4380,33,Male,12,13,2,7,Premium,Annual,2467,11,0
4381,21,Male,37,28,10,13,Basic,Annual,4680,26,1
4382,32,Female,5,22,3,5,Basic,Monthly,961,25,1
4383,52,Female,48,26,1,21,Standard,Quarterly,1286,17,1
4384,50,Male,6,3,8,12,Standard,Monthly,770,15,0
4385,47,Female,5,3,5,9,Basic,Quarterly,871,26,0
4386,50,Male,23,10,5,21,Premium,Annual,3621,15,1
4387,20,Female,9,6,9,2,Premium,Annual,350,19,1
4388,60,Female,46,14,6,9,Standard,Quarterly,3037,26,1
4389,37,Male,39,16,4,19,Basic,Monthly,1139,1,1
4390,26,Female,4,8,7,16,Standard,Quarterly,865,2,1
4391,35,Male,2,16,3,21,Standard,Monthly,714,1,1
4392,40,Male,30,1,0,13,Basic,Annual,2263,22,0
4393,48,Female,1,5,5,22,Standard,Monthly,792,10,1
4394,61,Female,34,20,10,21,Premium,Annual,4704,10,0
4395,61,Female,58,12,2,30,Premium,Annual,3344,25,1
4396,61,Male,4,8,1,23,Standard,Monthly,740,29,1
4397,44,Female,52,24,1,25,Standard,Monthly,1412,23,0
4398,45,Male,30,22,3,7,Premium,Quarterly,2731,14,0
4399,43,Female,50,11,5,12,Premium,Annual,2529,19,0
4400,54,Male,23,8,3,7,Basic,Monthly,4773,7,1
4401,52,Female,21,2,10,15,Premium,Monthly,4132,12,1
4402,35,Male,19,30,10,29,Premium,Monthly,1586,21,1
4403,59,Female,38,25,0,15,Premium,Monthly,3761,20,1
4404,44,Female,35,9,0,30,Basic,Quarterly,1385,27,0
4405,37,Male,13,14,6,26,Basic,Annual,3565,18,1
4406,32,Male,21,2,1,30,Premium,Annual,1219,30,1
4407,44,Female,6,22,7,17,Premium,Quarterly,745,2,1
4408,46,Male,46,8,4,21,Premium,Quarterly,1508,27,1
4409,64,Male,44,18,10,10,Basic,Annual,4510,9,0
4410,34,Female,56,11,9,10,Basic,Quarterly,2998,22,1
4411,65,Female,16,12,5,3,Standard,Quarterly,1378,25,0
4412,20,Female,12,8,8,27,Basic,Annual,3985,2,1
4413,51,Female,11,12,0,1,Standard,Monthly,127,13,1
4414,57,Female,28,8,5,22,Premium,Monthly,3578,12,1
4415,51,Male,19,13,6,28,Premium,Quarterly,2832,23,1
4416,51,Female,23,28,10,26,Premium,Quarterly,4398,1,1
4417,59,Female,12,22,6,24,Standard,Annual,2848,21,1
4418,53,Female,11,3,4,21,Standard,Quarterly,149,4,1
4419,59,Female,48,1,2,8,Standard,Annual,4767,14,0
4420,32,Female,42,7,8,3,Premium,Monthly,4736,2,0
4421,38,Male,26,12,7,19,Basic,Annual,1865,15,1
4422,42,Female,48,6,8,6,Premium,Monthly,4409,13,1
4423,26,Male,40,22,1,15,Premium,Quarterly,2148,19,1
4424,18,Female,10,19,10,16,Standard,Quarterly,345,16,1
4425,53,Female,33,12,0,27,Basic,Monthly,4417,7,0
4426,28,Male,1,26,3,27,Premium,Monthly,146,15,1
4427,60,Female,37,17,6,9,Basic,Monthly,1753,18,1
4428,35,Male,7,19,9,0,Basic,Monthly,598,17,0
4429,35,Female,43,20,10,8,Basic,Quarterly,2137,3,1
4430,52,Male,46,14,6,2,Premium,Quarterly,2963,8,1
4431,46,Female,45,11,2,26,Standard,Annual,4229,3,1
4432,38,Male,35,19,1,16,Basic,Quarterly,4789,7,1
4433,18,Male,52,15,9,18,Standard,Annual,1466,28,1
4434,31,Female,59,7,8,20,Standard,Quarterly,4835,3,1
4435,21,Male,1,21,4,28,Basic,Annual,234,26,1
4436,64,Female,59,25,2,19,Premium,Monthly,2383,5,0
4437,34,Male,60,8,10,7,Premium,Quarterly,4441,11,0
4438,44,Male,41,27,3,6,Standard,Annual,1654,29,0
4439,49,Male,30,15,8,27,Standard,Monthly,3225,26,1
4440,62,Female,44,8,10,4,Premium,Annual,2894,19,0
4441,46,Male,25,1,5,15,Basic,Annual,4639,27,0
4442,55,Male,6,2,1,21,Basic,Monthly,532,28,1
4443,22,Male,6,25,4,10,Basic,Monthly,134,2,1
4444,61,Male,26,14,9,7,Premium,Monthly,1643,2,1
4445,20,Female,3,29,6,28,Standard,Quarterly,670,18,1
4446,46,Male,40,7,7,29,Premium,Quarterly,4777,7,1
4447,47,Male,60,25,0,5,Premium,Annual,2109,4,0
4448,24,Female,39,28,6,7,Standard,Quarterly,4175,20,1
4449,45,Male,19,21,0,28,Premium,Monthly,1809,22,1
4450,50,Male,34,4,10,8,Standard,Monthly,4024,2,1
4451,64,Male,50,14,5,29,Basic,Monthly,2481,2,1
4452,30,Male,4,10,3,27,Basic,Annual,286,28,1
4453,45,Female,45,3,0,29,Premium,Monthly,3038,4,1
4454,35,Male,45,1,8,17,Premium,Monthly,2839,10,1
4455,26,Female,24,29,5,15,Basic,Annual,4708,25,0
4456,36,Female,5,25,0,12,Premium,Monthly,803,11,1
4457,46,Female,25,17,9,15,Basic,Annual,2635,27,1
4458,65,Female,44,8,0,11,Standard,Monthly,2376,19,1
4459,65,Female,29,26,3,5,Basic,Quarterly,3835,8,0
4460,53,Male,57,2,9,7,Basic,Quarterly,1838,8,1
4461,32,Female,32,27,5,8,Premium,Monthly,2439,22,1
4462,58,Female,57,13,5,28,Premium,Quarterly,2533,1,0
4463,45,Male,55,13,3,5,Standard,Monthly,4194,7,1
4464,40,Female,55,30,5,30,Premium,Quarterly,1245,29,1
4465,43,Female,26,28,4,6,Premium,Quarterly,3017,23,0
4466,63,Female,4,23,5,3,Standard,Annual,631,1,0
4467,50,Female,55,25,2,2,Basic,Monthly,3646,14,1
4468,56,Male,33,27,10,25,Basic,Monthly,3238,27,1
4469,48,Male,44,7,8,6,Premium,Annual,3624,4,1
4470,51,Male,30,19,8,27,Basic,Monthly,3348,13,1
4471,20,Female,57,3,0,12,Standard,Quarterly,2602,27,0
4472,54,Male,34,11,4,24,Standard,Monthly,4433,8,0
4473,53,Male,51,15,4,0,Premium,Annual,1773,9,0
4474,40,Female,11,1,2,0,Standard,Quarterly,761,15,0
4475,48,Female,36,11,8,22,Basic,Quarterly,1095,25,1
4476,41,Male,57,13,0,6,Premium,Annual,3628,18,0
4477,29,Male,3,22,10,26,Basic,Monthly,869,16,1
4478,42,Female,10,17,0,8,Standard,Monthly,188,30,1
4479,36,Female,13,14,8,8,Premium,Annual,3774,14,1
4480,32,Female,56,30,2,6,Basic,Annual,4619,20,0
4481,21,Female,45,13,7,13,Standard,Quarterly,3709,7,1
4482,46,Male,52,23,5,7,Premium,Monthly,3369,7,1
4483,44,Male,35,30,3,11,Basic,Annual,4118,1,0
4484,38,Female,34,22,10,13,Premium,Quarterly,3976,23,0
4485,37,Female,13,24,7,3,Premium,Monthly,4019,21,0
4486,65,Female,25,27,1,7,Premium,Annual,3755,3,1
4487,26,Male,28,9,10,18,Basic,Quarterly,2861,5,1
4488,52,Female,16,23,9,17,Standard,Quarterly,4618,2,1
4489,47,Male,43,3,7,23,Basic,Monthly,2957,3,0
4490,31,Female,5,19,10,0,Standard,Monthly,212,19,1
4491,26,Female,45,26,5,18,Basic,Annual,2408,17,0
4492,52,Male,54,6,7,24,Basic,Annual,3337,24,1
4493,24,Male,55,29,1,12,Basic,Monthly,3945,9,1
4494,52,Female,6,24,3,11,Basic,Annual,553,21,0
4495,28,Female,2,8,0,2,Basic,Quarterly,937,20,0
4496,25,Male,1,8,2,27,Premium,Annual,180,10,1
4497,41,Female,32,16,10,7,Standard,Annual,3137,17,1
4498,22,Female,30,20,1,21,Basic,Monthly,1622,3,1
4499,57,Female,28,15,3,24,Standard,Annual,4530,2,1
4500,24,Female,21,6,8,20,Premium,Monthly,4778,25,0
4501,45,Male,56,14,3,25,Basic,Monthly,1036,22,1
4502,37,Male,16,2,1,24,Basic,Quarterly,1626,24,0
4503,37,Male,36,29,1,24,Premium,Annual,1651,18,1
4504,24,Female,23,18,3,24,Basic,Annual,2767,20,1
4505,38,Female,43,5,4,1,Basic,Quarterly,4816,27,0
4506,41,Female,8,16,0,2,Basic,Quarterly,144,28,0
4507,18,Male,51,30,4,20,Premium,Annual,2975,20,1
4508,18,Female,33,11,0,6,Basic,Quarterly,2917,13,1
4509,44,Female,40,21,2,11,Standard,Monthly,2641,21,1
4510,65,Female,51,26,4,30,Standard,Quarterly,2465,30,1
4511,57,Male,30,21,6,13,Basic,Quarterly,2963,23,1
4512,36,Female,29,1,7,12,Standard,Quarterly,1382,26,1
4513,48,Male,52,12,9,20,Standard,Annual,3468,22,0
4514,37,Male,54,27,1,24,Basic,Annual,3295,5,1
4515,29,Male,1,17,4,27,Premium,Quarterly,342,27,1
4516,39,Male,60,17,3,1,Basic,Monthly,1622,19,1
4517,53,Female,45,6,3,22,Premium,Annual,1393,7,0
4518,65,Female,24,18,2,15,Basic,Monthly,1497,9,0
4519,32,Female,2,20,8,2,Premium,Annual,598,3,1
4520,19,Male,18,28,6,26,Standard,Monthly,2898,11,1
4521,57,Male,53,20,8,29,Premium,Annual,1091,2,0
4522,21,Female,37,22,5,0,Standard,Monthly,1168,28,0
4523,25,Male,43,10,4,19,Standard,Annual,4118,11,1
4524,46,Male,12,25,2,3,Basic,Monthly,1200,6,1
4525,62,Female,17,6,4,4,Premium,Monthly,4201,12,1
4526,20,Female,57,22,4,7,Premium,Annual,3160,15,0
4527,51,Female,35,2,5,4,Basic,Annual,1540,27,0
4528,24,Female,9,30,1,7,Basic,Annual,109,22,1
4529,63,Female,15,27,2,9,Standard,Monthly,4944,7,1
4530,59,Male,12,30,10,12,Premium,Quarterly,1139,27,1
4531,43,Female,9,15,10,7,Basic,Quarterly,135,5,1
4532,60,Male,44,21,4,6,Basic,Annual,3671,17,1
4533,51,Male,14,4,2,25,Premium,Monthly,1778,1,0
4534,38,Female,27,13,4,7,Premium,Quarterly,3468,8,0
4535,65,Male,23,29,3,16,Basic,Monthly,2233,22,1
4536,23,Female,18,10,8,16,Basic,Monthly,2207,16,1
4537,18,Female,44,5,6,24,Premium,Annual,1257,11,1
4538,21,Female,58,7,1,2,Basic,Annual,3661,14,1
4539,45,Male,19,18,1,12,Premium,Quarterly,3967,29,0
4540,31,Male,40,15,9,23,Basic,Annual,4375,17,1
4541,40,Male,18,30,10,20,Standard,Monthly,3862,17,1
4542,38,Female,10,30,9,16,Basic,Monthly,448,21,0
4543,30,Male,16,23,10,3,Standard,Monthly,2723,18,1
4544,52,Female,52,1,4,14,Basic,Annual,3752,29,0
4545,60,Male,20,20,2,15,Premium,Monthly,4206,7,1
4546,24,Female,56,7,1,26,Standard,Annual,3259,29,0
4547,31,Female,55,24,6,29,Standard,Monthly,4466,8,1
4548,54,Male,19,22,3,24,Standard,Quarterly,4504,2,1
4549,52,Male,49,19,9,28,Basic,Annual,1599,28,1
4550,18,Male,21,26,2,7,Standard,Quarterly,2349,11,0
4551,47,Male,55,17,6,17,Basic,Monthly,2304,9,1
4552,24,Female,53,15,10,25,Basic,Annual,1097,7,1
4553,20,Female,43,13,3,25,Standard,Quarterly,1907,27,1
4554,25,Female,32,21,7,26,Standard,Monthly,4839,5,1
4555,49,Male,3,1,2,22,Premium,Quarterly,924,2,1
4556,41,Female,54,25,0,3,Basic,Quarterly,1541,22,0
4557,56,Male,12,29,1,22,Standard,Monthly,3239,1,1
4558,29,Female,14,15,6,30,Basic,Monthly,4685,14,0
4559,26,Male,36,21,9,12,Standard,Annual,3759,23,1
4560,46,Female,15,28,0,5,Premium,Annual,1802,21,0
4561,63,Male,47,10,4,20,Premium,Monthly,4502,11,1
4562,33,Female,7,19,0,12,Standard,Quarterly,316,2,1
4563,24,Male,49,25,2,7,Premium,Quarterly,3993,16,0
4564,53,Female,17,5,4,13,Premium,Annual,1927,8,0
4565,25,Female,29,1,5,25,Basic,Quarterly,3221,28,1
4566,30,Female,47,12,5,12,Basic,Quarterly,1019,4,0
4567,47,Female,47,5,0,11,Standard,Annual,2048,6,0
4568,26,Female,50,25,4,19,Basic,Monthly,3074,29,1
4569,18,Female,34,6,6,13,Standard,Annual,2891,22,0
4570,42,Male,37,18,5,4,Premium,Annual,4682,7,0
4571,20,Female,58,12,7,2,Standard,Annual,2933,29,1
4572,31,Female,3,13,2,5,Basic,Quarterly,666,14,0
4573,43,Female,50,7,1,26,Basic,Quarterly,2720,12,1
4574,33,Female,7,3,10,10,Standard,Quarterly,622,13,1
4575,45,Male,48,8,1,30,Premium,Annual,3490,19,0
4576,56,Female,28,17,7,29,Premium,Monthly,2578,9,1
4577,58,Female,26,29,3,23,Premium,Annual,2134,26,1
4578,44,Female,11,25,8,15,Premium,Monthly,250,7,1
4579,20,Male,1,14,0,16,Premium,Monthly,959,9,1
4580,40,Male,19,12,5,9,Standard,Annual,3057,18,0
4581,54,Female,6,20,3,14,Premium,Quarterly,547,17,0
4582,29,Male,31,12,5,14,Premium,Quarterly,3664,22,1
4583,26,Male,32,24,2,15,Premium,Monthly,2140,3,0
4584,47,Female,6,9,1,11,Premium,Monthly,436,4,1
4585,38,Male,16,1,2,14,Basic,Quarterly,1183,2,0
4586,62,Female,18,27,5,5,Basic,Quarterly,1666,20,0
4587,46,Male,22,30,10,2,Standard,Quarterly,4474,2,1
4588,52,Female,36,7,10,10,Basic,Monthly,1816,20,1
4589,58,Male,14,29,3,3,Basic,Monthly,4113,20,0
4590,30,Male,60,4,5,26,Basic,Monthly,4738,28,0
4591,23,Female,50,28,5,13,Basic,Monthly,4535,21,1
4592,49,Female,3,28,2,18,Standard,Annual,211,8,1
4593,31,Male,15,22,2,10,Standard,Quarterly,3098,11,0
4594,34,Male,12,21,5,17,Standard,Annual,4771,5,1
4595,29,Female,33,25,2,5,Standard,Monthly,3328,2,1
4596,46,Female,1,2,2,15,Basic,Quarterly,295,9,0
4597,48,Male,57,28,10,7,Standard,Monthly,3079,24,1
4598,51,Female,15,14,3,4,Premium,Quarterly,2641,3,0
4599,34,Male,46,13,0,22,Basic,Monthly,3627,8,1
4600,44,Male,18,22,5,0,Standard,Monthly,4969,1,0
4601,20,Male,16,11,2,11,Premium,Quarterly,4102,17,1
4602,43,Male,26,12,1,3,Premium,Monthly,1771,25,1
4603,29,Male,52,11,9,21,Premium,Quarterly,2534,11,1
4604,55,Female,10,6,7,27,Standard,Annual,969,4,0
4605,43,Female,32,1,4,23,Premium,Monthly,3292,15,1
4606,53,Female,47,13,6,14,Basic,Annual,4896,29,1
4607,57,Male,17,8,2,18,Standard,Monthly,3589,24,1
4608,55,Male,49,21,9,5,Standard,Annual,2391,13,1
4609,64,Male,49,25,1,28,Standard,Quarterly,1330,27,1
4610,58,Male,49,6,3,0,Premium,Annual,4356,29,0
4611,34,Female,26,1,4,23,Standard,Monthly,1817,3,0
4612,52,Male,29,1,6,25,Basic,Quarterly,2166,19,1
4613,48,Female,18,8,0,2,Basic,Annual,1427,7,0
4614,65,Male,25,21,5,29,Premium,Monthly,3194,1,1
4615,62,Male,48,29,5,13,Standard,Annual,2828,25,1
4616,41,Male,40,21,7,10,Standard,Monthly,2759,15,1
4617,24,Male,32,5,8,4,Premium,Annual,4516,25,1
4618,44,Female,4,28,5,23,Premium,Annual,517,9,0
4619,29,Male,19,13,7,17,Premium,Quarterly,2967,10,0
4620,49,Female,35,27,9,21,Premium,Monthly,3052,10,0
4621,33,Male,20,29,9,0,Standard,Annual,2038,20,0
4622,19,Male,56,25,8,10,Premium,Monthly,2032,20,1
4623,53,Female,52,28,0,20,Standard,Annual,3210,27,1
4624,55,Female,11,15,8,13,Premium,Annual,912,29,0
4625,27,Male,57,16,10,24,Premium,Quarterly,2768,18,1
4626,23,Male,49,10,5,25,Basic,Quarterly,2709,1,1
4627,35,Female,47,7,8,30,Basic,Quarterly,3608,8,0
4628,33,Female,59,12,0,16,Basic,Quarterly,2287,30,1
4629,32,Female,10,28,2,13,Standard,Monthly,526,22,1
4630,22,Female,47,4,0,22,Standard,Annual,1680,30,1
4631,55,Male,45,26,0,0,Premium,Annual,4621,8,0
4632,64,Female,30,12,8,12,Basic,Annual,1158,8,1
4633,57,Female,3,14,0,5,Standard,Monthly,562,7,1
4634,53,Male,11,17,3,26,Premium,Annual,968,15,1
4635,49,Male,15,13,2,21,Standard,Quarterly,3786,7,1
4636,23,Male,48,9,8,0,Basic,Annual,3328,2,1
4637,59,Male,53,22,1,28,Premium,Monthly,4637,23,1
4638,29,Male,46,7,8,3,Standard,Quarterly,1303,14,0
4639,35,Female,23,19,10,27,Basic,Annual,4571,21,1
4640,47,Male,60,28,10,25,Standard,Annual,2873,26,1
4641,45,Female,52,7,4,0,Standard,Monthly,1788,14,1
4642,59,Male,4,26,4,24,Premium,Quarterly,933,7,1
4643,39,Male,12,25,10,9,Basic,Quarterly,2861,26,0
4644,41,Male,50,11,1,29,Premium,Annual,1247,6,1
4645,64,Male,28,1,10,14,Standard,Monthly,1982,24,1
4646,32,Female,49,4,1,23,Basic,Monthly,1171,16,0
4647,18,Male,40,4,5,29,Premium,Annual,4468,16,1
4648,37,Female,8,4,2,19,Standard,Quarterly,644,15,1
4649,48,Female,4,28,8,16,Premium,Quarterly,773,30,0
4650,29,Male,30,7,4,29,Premium,Quarterly,2240,12,1
4651,23,Male,26,16,0,8,Standard,Quarterly,4278,19,0
4652,59,Female,25,24,10,30,Standard,Annual,4664,30,1
4653,44,Female,8,29,0,29,Standard,Quarterly,690,12,1
4654,53,Female,26,13,4,4,Basic,Quarterly,4757,4,0
4655,45,Male,56,15,6,29,Premium,Annual,1435,23,0
4656,63,Female,14,17,3,1,Standard,Quarterly,3725,6,1
4657,19,Female,56,27,5,23,Premium,Annual,1426,13,0
4658,61,Male,10,8,3,19,Premium,Quarterly,787,23,1
4659,18,Female,56,11,7,13,Basic,Annual,1837,29,1
4660,59,Female,44,9,2,12,Premium,Quarterly,2804,11,0
4661,62,Male,17,30,7,8,Basic,Quarterly,3749,2,1
4662,60,Female,49,3,8,7,Basic,Monthly,2123,4,1
4663,40,Male,52,5,8,21,Basic,Annual,1416,4,0
4664,19,Female,35,19,2,27,Standard,Annual,3834,13,1
4665,51,Female,47,17,4,0,Basic,Monthly,2240,21,0
4666,65,Male,4,13,10,17,Basic,Quarterly,362,29,1
4667,45,Female,10,7,6,3,Basic,Quarterly,377,7,1
4668,47,Female,59,26,5,24,Premium,Monthly,3517,17,1
4669,18,Male,15,4,1,9,Premium,Quarterly,3992,27,0
4670,37,Female,39,30,1,4,Standard,Annual,3451,5,0
4671,56,Female,54,9,6,4,Standard,Quarterly,1431,27,0
4672,21,Female,52,17,6,3,Standard,Monthly,4739,28,0
4673,21,Male,33,22,10,23,Basic,Annual,4353,25,1
4674,48,Female,21,21,10,16,Standard,Monthly,1243,2,0
4675,65,Female,2,30,5,30,Premium,Quarterly,105,25,0
4676,29,Male,60,16,5,16,Standard,Monthly,1150,20,1
4677,59,Female,1,14,9,5,Premium,Annual,623,26,0
4678,53,Male,54,4,6,27,Basic,Annual,3720,15,1
4679,46,Male,33,20,5,23,Basic,Annual,3040,23,1
4680,48,Male,54,24,0,19,Standard,Monthly,3545,16,1
4681,45,Female,6,12,6,20,Standard,Quarterly,946,20,0
4682,34,Male,27,28,6,9,Premium,Annual,2648,26,1
4683,44,Male,37,5,2,22,Premium,Quarterly,3012,15,1
4684,29,Female,27,1,3,26,Premium,Annual,2064,19,1
4685,28,Female,50,14,5,22,Basic,Monthly,1905,7,1
4686,42,Male,3,20,0,24,Premium,Quarterly,721,23,1
4687,61,Male,22,22,0,27,Standard,Monthly,1537,15,1
4688,30,Male,36,26,2,6,Standard,Quarterly,4664,18,0
4689,21,Female,52,21,5,28,Premium,Quarterly,3340,19,1
4690,64,Male,3,7,9,6,Premium,Monthly,137,15,1
4691,34,Female,15,5,5,6,Premium,Monthly,1668,28,1
4692,38,Male,11,20,4,24,Standard,Annual,820,15,1
4693,45,Female,25,9,7,12,Standard,Monthly,3002,15,0
4694,26,Female,51,19,3,12,Standard,Annual,3284,6,0
4695,59,Female,6,25,10,30,Basic,Annual,980,15,1
4696,26,Female,38,8,4,26,Basic,Quarterly,2911,26,1
4697,43,Male,52,24,7,9,Standard,Monthly,4170,9,0
4698,44,Male,20,2,0,21,Premium,Annual,3833,2,0
4699,41,Male,23,4,10,13,Basic,Monthly,2388,12,0
4700,54,Female,26,5,1,1,Basic,Annual,4184,28,0
4701,61,Female,32,2,9,1,Standard,Quarterly,2675,27,1
4702,30,Female,60,21,0,15,Basic,Monthly,1228,4,1
4703,31,Female,39,25,8,17,Premium,Quarterly,4480,26,1
4704,27,Female,43,29,0,19,Premium,Quarterly,2851,20,1
4705,54,Male,36,3,6,22,Premium,Monthly,1957,27,1
4706,27,Male,22,3,6,27,Basic,Monthly,2921,3,1
4707,28,Male,29,29,2,11,Standard,Annual,3045,12,0
4708,45,Female,33,14,2,9,Premium,Quarterly,1202,29,0
4709,30,Male,16,20,1,25,Standard,Monthly,2646,5,1
4710,32,Male,1,7,8,26,Standard,Monthly,587,18,0
4711,28,Male,43,5,5,14,Basic,Monthly,3483,15,1
4712,39,Female,3,28,7,12,Standard,Monthly,598,27,0
4713,56,Female,38,25,10,22,Premium,Quarterly,2766,24,1
4714,24,Female,26,21,1,17,Premium,Quarterly,1141,12,0
4715,60,Male,6,22,7,17,Premium,Monthly,148,16,1
4716,45,Female,52,4,3,11,Basic,Annual,4416,24,0
4717,45,Female,3,15,6,12,Standard,Monthly,479,19,1
4718,22,Female,12,22,10,17,Standard,Quarterly,4027,9,0
4719,21,Female,43,20,3,0,Basic,Monthly,1004,2,1
4720,28,Female,44,28,10,12,Standard,Quarterly,4012,27,1
4721,23,Male,13,8,10,25,Basic,Annual,2579,24,1
4722,26,Female,6,7,3,19,Basic,Monthly,631,21,1
4723,64,Female,11,3,4,12,Basic,Annual,833,28,0
4724,34,Female,49,14,3,14,Basic,Annual,1555,12,0
4725,28,Female,52,30,8,11,Standard,Quarterly,3927,16,1
4726,50,Female,48,25,5,26,Basic,Quarterly,3440,10,1
4727,39,Male,52,28,7,24,Basic,Quarterly,3615,11,1
4728,44,Female,56,22,3,3,Basic,Quarterly,1830,15,0
4729,36,Male,42,12,5,5,Premium,Monthly,1638,11,1
4730,61,Female,15,17,3,27,Basic,Annual,3060,19,1
4731,19,Female,43,29,10,1,Premium,Quarterly,4901,28,0
4732,33,Male,49,25,3,23,Standard,Annual,3957,1,1
4733,60,Male,21,21,9,29,Standard,Quarterly,1576,22,1
4734,50,Male,10,25,0,14,Basic,Annual,861,26,0
4735,34,Female,48,9,9,7,Standard,Monthly,4978,11,1
4736,33,Male,15,2,4,0,Basic,Annual,2560,22,0
4737,39,Female,17,28,10,21,Premium,Monthly,1294,10,1
4738,31,Female,2,8,8,8,Basic,Monthly,240,25,1
4739,28,Female,58,23,10,2,Premium,Annual,1084,28,1
4740,29,Male,41,27,6,5,Standard,Annual,3486,15,0
4741,28,Male,37,18,4,29,Premium,Annual,1217,18,1
4742,54,Female,12,3,2,2,Standard,Quarterly,2761,7,1
4743,19,Female,33,10,6,11,Basic,Annual,3942,1,1
4744,46,Female,26,22,4,17,Premium,Annual,4037,6,1
4745,41,Female,56,29,0,19,Standard,Monthly,3547,29,1
4746,35,Male,50,14,4,10,Premium,Quarterly,4969,30,0
4747,44,Female,34,24,9,28,Standard,Annual,2088,29,1
4748,54,Female,12,8,10,22,Premium,Quarterly,4881,9,1
4749,53,Male,59,4,4,30,Basic,Quarterly,1906,7,1
4750,49,Female,22,12,3,5,Basic,Annual,4640,9,0
4751,44,Male,18,14,3,18,Premium,Annual,4630,10,0
4752,33,Female,2,19,9,23,Premium,Quarterly,281,21,1
4753,18,Male,51,5,6,24,Basic,Annual,1935,1,1
4754,19,Male,34,29,4,22,Standard,Annual,3301,14,1
4755,48,Male,59,10,4,4,Premium,Monthly,4737,26,1
4756,40,Female,49,26,1,28,Basic,Quarterly,3443,13,1
4757,63,Male,29,22,2,21,Standard,Quarterly,1034,21,1
4758,34,Male,60,8,10,2,Premium,Monthly,1837,19,1
4759,55,Male,31,9,8,13,Standard,Quarterly,2066,30,1
4760,38,Female,16,8,7,19,Standard,Annual,1617,5,1
4761,63,Male,23,11,1,8,Standard,Quarterly,3685,15,1
4762,63,Male,14,8,8,20,Premium,Quarterly,1815,12,1
4763,44,Female,48,6,6,9,Premium,Annual,2540,20,0
4764,52,Male,21,2,6,23,Premium,Annual,1758,6,0
4765,28,Female,47,22,5,2,Basic,Quarterly,3147,4,0
4766,48,Male,52,2,6,9,Standard,Monthly,1064,6,0
4767,51,Male,30,13,6,6,Standard,Annual,3833,23,1
4768,36,Female,43,21,8,29,Basic,Quarterly,1520,28,1
4769,54,Female,15,8,3,25,Standard,Annual,1333,1,0
4770,48,Female,48,8,9,5,Premium,Annual,1291,11,1
4771,59,Female,19,27,4,22,Basic,Quarterly,3855,14,1
4772,57,Female,37,23,3,29,Premium,Annual,1220,1,1
4773,54,Female,37,5,10,29,Premium,Annual,4183,7,0
4774,46,Female,14,26,8,2,Premium,Quarterly,1759,19,1
4775,40,Male,10,2,3,24,Basic,Annual,276,4,1
4776,19,Female,15,17,1,28,Premium,Annual,2304,12,1
4777,38,Female,33,23,6,9,Basic,Quarterly,1707,7,1
4778,62,Female,27,16,2,29,Premium,Annual,2887,3,1
4779,38,Female,20,15,7,27,Standard,Quarterly,3024,21,0
4780,30,Male,53,26,5,4,Premium,Annual,3257,30,0
4781,23,Female,47,29,3,28,Basic,Annual,4548,29,1
4782,44,Male,27,6,8,29,Standard,Monthly,4423,11,0
4783,55,Male,43,28,10,6,Basic,Monthly,1147,20,1
4784,39,Male,14,15,10,21,Premium,Annual,2462,1,1
4785,27,Female,34,24,5,18,Premium,Monthly,4052,27,1
4786,57,Female,26,17,5,24,Premium,Monthly,1427,22,1
4787,49,Male,1,9,2,9,Premium,Monthly,627,28,1
4788,35,Female,59,8,6,27,Standard,Annual,2664,8,1
4789,24,Female,10,10,6,22,Standard,Quarterly,803,27,1
4790,24,Male,12,23,2,9,Standard,Annual,4885,2,0
4791,49,Female,50,22,3,19,Premium,Annual,4384,25,0
4792,36,Male,11,19,5,9,Premium,Monthly,423,28,1
4793,62,Male,50,7,8,8,Basic,Quarterly,4333,27,0
4794,19,Male,30,12,6,30,Standard,Monthly,2874,20,1
4795,26,Male,31,24,3,24,Standard,Quarterly,3351,16,1
4796,43,Female,23,5,8,22,Standard,Annual,4432,8,0
4797,43,Female,37,30,4,16,Standard,Quarterly,2103,18,1
4798,50,Female,39,26,0,1,Standard,Annual,4529,25,1
4799,64,Female,9,7,1,13,Standard,Monthly,438,19,0
4800,41,Male,19,25,1,5,Premium,Annual,1135,2,0
4801,58,Female,8,29,5,12,Basic,Annual,521,19,0
4802,39,Female,40,29,3,26,Premium,Monthly,4087,25,1
4803,20,Male,8,19,1,25,Standard,Monthly,847,15,1
4804,53,Male,47,13,5,22,Basic,Quarterly,4968,19,1
4805,24,Female,28,4,4,25,Standard,Annual,4029,16,1
4806,59,Male,5,18,0,25,Standard,Monthly,176,22,0
4807,46,Female,42,13,10,12,Premium,Annual,2411,4,0
4808,63,Male,10,23,8,18,Standard,Monthly,577,27,1
4809,49,Female,3,9,4,16,Standard,Quarterly,101,24,1
4810,21,Male,23,17,0,25,Basic,Annual,3402,22,1
4811,19,Female,37,24,7,18,Basic,Quarterly,3508,7,1
4812,31,Male,44,21,4,0,Premium,Quarterly,4280,3,0
4813,25,Female,8,18,7,22,Basic,Annual,543,6,1
4814,25,Female,48,14,10,9,Premium,Quarterly,4348,26,1
4815,23,Male,47,21,5,6,Basic,Quarterly,4128,2,0
4816,18,Female,30,7,6,27,Premium,Quarterly,4703,22,1
4817,20,Female,39,24,1,18,Premium,Monthly,3583,13,1
4818,27,Female,40,25,6,1,Basic,Quarterly,2355,1,1
4819,25,Female,14,23,0,17,Basic,Quarterly,3712,24,1
4820,49,Male,37,28,5,9,Standard,Quarterly,4044,30,0
4821,45,Female,49,22,6,10,Premium,Monthly,3279,10,1
4822,37,Female,17,2,3,15,Premium,Monthly,3888,22,1
4823,39,Male,27,21,2,15,Standard,Annual,2836,28,0
4824,27,Male,29,26,8,13,Standard,Quarterly,1761,3,1
4825,29,Female,2,23,9,26,Standard,Monthly,442,10,1
4826,48,Male,12,20,3,1,Standard,Annual,4425,17,0
4827,29,Male,50,4,6,19,Basic,Annual,1512,9,1
4828,43,Male,29,10,9,19,Premium,Quarterly,2564,17,1
4829,47,Male,51,16,1,0,Standard,Annual,2687,3,0
4830,61,Female,6,26,7,19,Standard,Quarterly,144,29,0
4831,26,Female,38,20,4,19,Standard,Annual,2739,22,1
4832,45,Female,11,13,9,17,Premium,Annual,642,30,1
4833,23,Male,30,10,1,6,Basic,Annual,2691,20,0
4834,23,Female,25,28,8,8,Premium,Quarterly,1215,2,1
4835,18,Male,52,14,7,3,Basic,Annual,3609,24,1
4836,56,Male,54,21,5,21,Premium,Quarterly,1305,14,1
4837,38,Female,8,23,9,11,Premium,Quarterly,203,13,1
4838,50,Female,47,16,5,16,Standard,Annual,3280,4,0
4839,54,Female,16,10,0,16,Basic,Monthly,4635,2,1
4840,38,Female,14,29,4,17,Premium,Annual,3099,12,1
4841,65,Female,40,1,3,5,Basic,Quarterly,1351,8,0
4842,63,Male,45,16,1,25,Premium,Annual,1967,20,1
4843,61,Female,30,14,6,8,Basic,Annual,4676,2,0
4844,55,Female,31,27,0,5,Premium,Monthly,2092,25,1
4845,37,Male,5,8,1,18,Basic,Monthly,648,28,0
4846,31,Male,41,23,3,4,Basic,Annual,2613,28,0
4847,44,Male,39,14,6,24,Basic,Annual,3834,13,1
4848,32,Male,18,7,4,1,Premium,Quarterly,3131,30,0
4849,35,Male,24,11,2,27,Basic,Monthly,4050,21,1
4850,22,Male,58,6,6,18,Basic,Monthly,3658,15,1
4851,55,Female,60,17,3,11,Standard,Annual,3392,20,0
4852,36,Female,20,9,4,25,Standard,Quarterly,1871,1,0
4853,47,Female,10,14,9,24,Basic,Quarterly,933,8,1
4854,50,Female,34,9,5,28,Premium,Quarterly,3739,21,1
4855,39,Female,23,1,10,23,Standard,Monthly,3123,11,0
4856,57,Female,49,27,5,7,Basic,Monthly,2680,1,1
4857,26,Male,10,3,5,25,Premium,Annual,619,16,0
4858,62,Female,51,11,7,23,Premium,Annual,4638,25,1
4859,18,Female,41,27,4,13,Premium,Monthly,4581,14,1
4860,38,Male,48,11,3,21,Basic,Annual,1299,1,1
4861,45,Female,2,6,8,5,Basic,Annual,679,8,0
4862,61,Female,18,19,3,22,Standard,Annual,2250,28,1
4863,60,Female,9,10,1,5,Premium,Quarterly,805,4,1
4864,48,Male,40,24,5,26,Premium,Monthly,2501,7,0
4865,34,Female,53,4,6,4,Premium,Quarterly,3515,3,1
4866,22,Male,22,6,9,26,Premium,Quarterly,3126,12,1
4867,61,Male,48,2,7,7,Standard,Monthly,1557,4,1
4868,60,Female,13,29,2,24,Premium,Monthly,4413,29,1
4869,32,Male,44,2,5,19,Basic,Monthly,3067,22,1
4870,30,Male,38,23,9,21,Standard,Monthly,2641,8,0
4871,55,Female,35,20,6,13,Standard,Annual,3361,2,1
4872,61,Female,11,7,3,16,Standard,Monthly,870,23,1
4873,53,Male,9,25,3,12,Premium,Annual,1000,18,0
4874,21,Male,44,17,3,16,Standard,Monthly,4708,3,1
4875,51,Female,45,4,8,12,Premium,Annual,2545,6,1
4876,53,Female,50,13,5,9,Standard,Annual,2715,18,0
4877,43,Female,53,2,10,2,Standard,Annual,3111,6,0
4878,42,Female,23,26,0,15,Basic,Annual,1147,22,0
4879,34,Male,22,7,6,9,Basic,Annual,3225,12,0
4880,41,Male,42,23,1,2,Premium,Annual,4207,10,0
4881,53,Female,37,14,8,6,Standard,Annual,4892,9,0
4882,36,Female,57,3,0,23,Premium,Annual,4327,7,1
4883,49,Female,59,15,6,28,Standard,Annual,2754,6,0
4884,53,Male,10,26,1,24,Standard,Annual,654,9,1
4885,31,Male,46,17,4,29,Standard,Annual,1538,11,0
4886,30,Female,22,13,2,12,Basic,Annual,2747,25,0
4887,20,Female,49,18,10,18,Basic,Monthly,3065,2,0
4888,48,Female,52,30,1,21,Basic,Monthly,3327,7,1
4889,27,Female,11,30,6,30,Premium,Quarterly,591,18,1
4890,44,Male,43,22,10,10,Premium,Monthly,4145,13,1
4891,48,Female,42,9,7,29,Basic,Monthly,3026,16,1
4892,20,Male,20,23,10,6,Premium,Quarterly,4200,14,1
4893,29,Female,56,16,1,29,Standard,Quarterly,2885,22,1
4894,53,Female,58,19,4,25,Premium,Monthly,4404,27,1
4895,49,Male,34,18,8,29,Premium,Annual,3652,5,1
4896,53,Male,2,8,10,28,Basic,Monthly,712,7,1
4897,55,Female,10,25,1,0,Premium,Monthly,627,18,1
4898,61,Male,5,27,10,24,Standard,Annual,639,30,0
4899,41,Female,27,2,8,13,Standard,Monthly,2796,8,1
4900,56,Male,14,11,0,7,Premium,Quarterly,2576,29,0
4901,36,Female,26,11,8,4,Standard,Monthly,2154,6,1
4902,60,Female,59,5,5,30,Premium,Quarterly,2083,28,1
4903,33,Female,39,26,6,13,Premium,Quarterly,4134,23,1
4904,24,Male,28,2,1,2,Basic,Monthly,2569,14,0
4905,21,Male,25,23,10,24,Standard,Quarterly,4572,3,1
4906,35,Male,30,11,7,13,Premium,Annual,2119,21,1
4907,37,Female,57,2,3,12,Standard,Quarterly,1099,20,1
4908,34,Female,56,13,0,16,Premium,Annual,2185,20,0
4909,64,Male,34,2,5,10,Basic,Annual,1925,7,0
4910,19,Female,20,27,6,10,Premium,Monthly,3640,3,1
4911,64,Male,6,2,6,8,Basic,Monthly,762,10,1
4912,40,Female,46,8,9,23,Basic,Annual,2184,22,1
4913,39,Male,11,19,8,0,Premium,Quarterly,218,26,1
4914,50,Female,26,27,4,21,Basic,Monthly,1128,23,1
4915,45,Male,49,18,3,30,Standard,Annual,1440,12,1
4916,42,Female,46,18,0,17,Premium,Quarterly,3825,19,0
4917,21,Female,47,13,3,1,Premium,Monthly,3140,16,0
4918,26,Female,19,15,2,12,Basic,Monthly,3200,5,1
4919,54,Male,29,14,9,17,Basic,Quarterly,4216,1,1
4920,33,Male,8,16,4,8,Standard,Quarterly,165,16,0
4921,53,Female,21,25,1,9,Standard,Quarterly,4109,27,0
4922,25,Female,21,18,8,25,Basic,Quarterly,1907,13,1
4923,26,Female,28,18,2,4,Standard,Quarterly,1524,13,0
4924,64,Male,37,24,2,5,Premium,Annual,4214,12,0
4925,38,Female,50,14,7,26,Premium,Quarterly,3270,22,1
4926,28,Female,59,28,3,3,Basic,Annual,2006,6,0
4927,23,Female,50,9,9,7,Premium,Monthly,3796,7,1
4928,36,Female,56,20,2,29,Standard,Monthly,2495,18,1
4929,42,Male,23,4,9,29,Premium,Annual,2433,25,1
4930,53,Female,51,26,5,13,Basic,Annual,4695,23,1
4931,27,Female,43,23,3,13,Basic,Quarterly,4998,30,1
4932,37,Male,35,27,9,17,Basic,Quarterly,1144,8,1
4933,19,Female,11,6,5,16,Standard,Annual,823,1,1
4934,58,Female,17,24,2,12,Basic,Annual,4680,17,0
4935,60,Female,33,10,2,12,Basic,Monthly,2169,21,1
4936,25,Male,49,2,4,0,Basic,Annual,2589,25,0
4937,19,Female,2,15,6,25,Basic,Annual,597,19,1
4938,45,Female,20,1,6,19,Standard,Annual,2205,11,1
4939,21,Female,26,2,6,24,Premium,Annual,3932,10,0
4940,65,Female,24,5,5,29,Standard,Quarterly,4523,22,1
4941,30,Female,55,12,4,18,Standard,Annual,4193,20,0
4942,26,Female,50,5,4,22,Basic,Monthly,4890,5,0
4943,35,Female,28,27,6,24,Standard,Monthly,2348,27,1
4944,38,Male,3,2,7,16,Standard,Quarterly,831,20,1
4945,30,Male,57,6,3,8,Premium,Annual,3406,23,0
4946,55,Female,30,22,3,10,Basic,Annual,2018,7,0
4947,38,Male,31,30,1,4,Basic,Annual,3835,3,1
4948,34,Female,48,12,1,21,Premium,Monthly,4426,6,1
4949,25,Female,45,16,9,20,Standard,Annual,1104,26,1
4950,25,Female,31,17,5,7,Basic,Monthly,4911,28,1
4951,31,Male,8,22,1,11,Premium,Monthly,713,4,1
4952,47,Female,18,12,10,12,Standard,Quarterly,2597,13,1
4953,56,Male,42,25,4,28,Basic,Monthly,3775,10,1
4954,50,Female,4,6,9,30,Basic,Annual,490,26,0
4955,60,Female,31,25,2,29,Premium,Annual,1064,24,1
4956,21,Female,8,19,2,4,Standard,Annual,546,19,0
4957,51,Female,1,16,2,22,Premium,Monthly,991,9,1
4958,19,Female,42,25,0,13,Standard,Annual,3528,18,0
4959,38,Male,27,25,6,6,Basic,Monthly,4347,27,1
4960,27,Male,18,20,9,20,Basic,Monthly,1489,25,1
4961,37,Female,38,9,3,11,Premium,Quarterly,4998,6,0
4962,57,Female,17,1,7,0,Premium,Monthly,1138,21,1
4963,22,Female,8,2,4,23,Standard,Quarterly,610,23,0
4964,30,Female,46,25,0,29,Standard,Quarterly,4611,4,1
4965,48,Male,50,11,1,4,Basic,Monthly,1395,5,1
4966,58,Male,54,4,1,24,Basic,Monthly,2219,25,0
4967,45,Female,23,13,4,6,Standard,Monthly,2713,20,1
4968,36,Male,60,16,5,29,Basic,Annual,4568,20,1
4969,32,Female,8,8,7,28,Standard,Monthly,122,15,1
4970,18,Male,9,22,10,0,Basic,Monthly,707,23,1
4971,54,Female,58,6,7,22,Standard,Quarterly,1591,18,1
4972,30,Male,38,6,8,2,Premium,Annual,4215,11,1
4973,18,Female,13,9,3,2,Premium,Monthly,2903,23,1
4974,42,Male,14,15,4,15,Standard,Quarterly,3502,30,0
4975,46,Male,5,7,0,30,Basic,Monthly,634,13,1
4976,62,Male,29,22,1,29,Standard,Quarterly,3305,7,1
4977,20,Female,45,20,8,8,Standard,Annual,3142,3,0
4978,34,Female,57,26,9,15,Premium,Annual,1122,17,1
4979,64,Female,41,24,2,10,Basic,Monthly,2257,17,1
4980,38,Male,52,29,8,16,Basic,Quarterly,4597,21,0
4981,47,Male,44,22,2,28,Standard,Quarterly,2892,18,1
4982,64,Female,22,6,9,4,Standard,Monthly,2635,6,1
4983,51,Female,17,11,9,0,Basic,Monthly,4352,4,1
4984,61,Female,40,27,3,30,Basic,Annual,2483,27,0
4985,64,Female,24,21,0,30,Basic,Quarterly,4009,30,1
4986,33,Female,49,6,4,19,Standard,Monthly,1979,26,1
4987,35,Female,22,7,3,14,Premium,Annual,2606,13,0
4988,18,Male,25,19,0,4,Standard,Quarterly,2512,13,0
4989,28,Female,58,30,4,1,Basic,Annual,1965,26,0
4990,22,Male,27,13,5,27,Standard,Quarterly,2521,14,0
4991,36,Female,20,2,2,12,Standard,Monthly,2252,8,1
4992,64,Female,29,13,2,24,Standard,Annual,3938,11,0
4993,54,Female,16,7,7,18,Premium,Quarterly,3094,1,1
4994,59,Male,11,24,9,11,Premium,Annual,549,25,0
4995,38,Male,5,17,0,21,Basic,Annual,768,24,1
4996,65,Female,43,29,8,5,Standard,Quarterly,2687,19,1
4997,18,Female,28,12,1,3,Basic,Annual,1550,20,0
4998,20,Male,51,27,9,16,Basic,Annual,3325,17,0
4999,42,Male,9,2,2,15,Standard,Quarterly,412,5,0
5000,53,Female,34,11,0,25,Basic,Quarterly,2457,26,1
